Step (steps),Load (N),Stage,VAS score (1-100)
0,-0.038740169836956516,0,7
0,-0.038740169836956516,0
1,0.007748033967391303,0
3,0.054236237771739124,0
4,0.14721264538043477,0
6,0.1937008491847826,0
7,0.29442529076086954,0
8,0.1937008491847826,0
10,-0.030992135869565212,0
11,-0.07748033967391303,0
13,-0.046488203804347816,0
14,-0.061984271739130424,0
15,-0.12396854347826085,0
17,0.12396854347826085,0
18,0.46488203804347816,0
20,0.06973230570652172,0
21,-0.42614186820652167,0
22,-0.16270871331521736,0
24,0.31766939266304345,0
25,0.39514973233695644,0
27,-0.015496067934782606,0
28,-0.2246929850543478,0
29,0.07748033967391303,0
31,0.061984271739130424,0
32,-0.1937008491847826,0
34,-0.17820478124999997,0
35,-0.038740169836956516,0
36,-0.07748033967391303,0
38,-0.3099213586956521,0
39,-0.5423623777173913,0
41,-0.3021733247282608,0
42,-0.054236237771739124,0
43,-0.37190563043478253,0
45,-0.7360632269021739,0
46,-0.6895750230978259,0
48,-0.37190563043478253,0
49,-0.13946461141304345,0
51,-0.40289776630434776,0
52,-0.6818269891304347,0
53,-0.5036222078804347,0
55,-0.44163793614130425,0
56,-0.5268663097826086,0
58,-0.3099213586956521,0
59,-0.030992135869565212,0
60,-0.015496067934782606,0
62,-0.13171657744565216,0
63,-0.31766939266304345,0
65,-0.038740169836956516,0
66,0.27118118885869563,0
67,0.08522837364130434,0
69,-0.1937008491847826,0
70,-0.2169449510869565,0
72,-0.015496067934782606,0
73,0.2479370869565217,0
74,0.13946461141304345,0
76,-0.35640956249999994,0
77,-0.31766939266304345,0
79,-0.13171657744565216,0
80,-0.16270871331521736,0
81,-0.17820478124999997,0
83,-0.14721264538043477,0
84,-0.2479370869565217,0
86,-0.2866772567934782,0
87,-0.46488203804347816,0
88,-0.3486615285326086,0
90,-0.06973230570652172,0
91,-0.14721264538043477,0
93,-0.35640956249999994,0
94,-0.3021733247282608,0
95,-0.15496067934782606,0
97,0.12396854347826085,0
98,0.20919691711956517,0
100,0.030992135869565212,0
101,0.07748033967391303,0
103,0.23244101902173908,0
104,0.37190563043478253,0
105,0.5811025475543478,0
107,0.6740789551630434,0
108,0.5811025475543478,0
110,0.8212916005434782,0
111,0.7593073288043477,0
112,0.8832758722826085,0
114,1.2164413328804347,0
115,1.2474334687499997,0
117,1.0614806535326085,0
118,1.1622050951086955,0
119,1.479874487771739,0
121,1.813039948369565,0
122,1.944756525815217,0
124,1.7742997785326085,0
125,1.7975438804347823,0
126,1.9137643899456518,0
128,2.037732933423913,0
129,2.223685748641304,0
131,2.3554023260869563,0
132,2.223685748641304,0
133,2.347654292119565,0
135,2.332158224184782,0
136,2.502614971467391,0
138,2.7737961603260866,0
139,2.835780432065217,0
140,2.7505520584239127,0
142,2.866772567934782,0
143,2.990741111413043,0
145,3.2386781983695645,0
146,3.4633711834239125,0
147,3.455623149456521,0
149,3.4246310135869558,0
150,3.5563475910326083,0
152,3.781040576086956,0
153,4.075465866847826,0
154,4.230426546195652,0
156,4.083213900815217,0
157,4.121954070652174,0
159,4.245922614130434,0
160,4.455119531249999,0
162,4.7495448220108685,0
163,4.842521229619565,0
164,4.687560550271739,0
166,4.765040889945651,0
167,4.927749603260869,0
169,5.098206350543477,0
170,5.276411131793478,0
171,5.276411131793478,0
173,5.214426860054347,0
174,5.35389147146739,0
176,5.594080524456521,0
177,5.7955294076086945,0
178,5.973734188858694,0
180,5.803277441576086,0
181,5.818773509510868,0
183,6.020222392663043,0
184,6.206175207880434,0
185,6.430868192934781,0
187,6.562584770380433,0
188,6.446364260869564,0
190,6.609072974184781,0
191,6.702049381793477,0
192,6.872506129076086,0
194,7.159183385869564,0
195,7.1436873179347815,0
197,7.07395501222826,0
198,7.213419623641303,0
199,7.438112608695651,0
201,7.631813457880433,0
202,7.84875840896739,0
204,7.740285933423912,0
205,7.701545763586956,0
206,7.84875840896739,0
208,8.050207292119564,0
209,8.305892413043477,0
211,8.453105058423912,0
212,8.406616854619564,0
213,8.43760899048913,0
215,8.592569669836955,0
216,8.716538213315216,0
218,8.933483164402173,0
219,8.995467436141302,0
221,8.941231198369564,0
222,9.15042811548913,0
223,9.313136828804346,0
225,9.51458571195652,0
226,9.68504245923913,0
228,9.646302289402172,0
229,9.561073915760868,0
230,9.623058187499998,0
232,9.739278697010867,0
233,9.917483478260868,0
235,9.93297954619565,0
236,9.840003138586955,0
237,9.894239376358694,0
239,10.033703987771737,0
240,10.312633210597825,0
242,10.916979860054346,0
243,10.978964131793477,0
244,10.723279010869563,0
246,10.808507384510868,0
247,10.901483792119564,0
249,11.23464925271739,0
250,11.397357966032606,0
251,11.157168913043476,0
253,11.095184641304346,0
254,11.273389422554345,0
256,11.498082407608694,0
257,11.808003766304346,0
258,11.89323213994565,0
260,11.761515562499998,0
261,11.95521641168478,0
263,12.048192819293476,0
264,12.218649566576085,0
265,12.528570925271737,0
267,12.559563061141302,0
268,12.513074857336955,0
270,12.675783570652172,0
271,12.807500148097825,0
273,12.970208861413042,0
274,13.218145948369562,0
275,13.14066560869565,0
277,13.187153812499998,0
278,13.334366457880433,0
280,13.489327137228258,0
281,13.79150046195652,0
282,13.938713107336953,0
284,13.830240631793476,0
285,13.938713107336953,0
287,14.03168951494565,0
288,14.240886432065215,0
289,14.527563688858693,0
291,14.597295994565215,0
292,14.457831383152172,0
294,14.643784198369563,0
295,14.74450863994565,0
296,14.92271342119565,0
298,15.209390677989129,0
299,15.193894610054345,0
301,15.116414270380432,0
302,15.294619051630432,0
303,15.52706007065217,0
305,15.836981429347823,0
306,16.015186210597825,0
308,15.844729463315215,0
309,15.976446040760868,0
310,16.11591065217391,0
312,16.28636739945652,0
313,16.627280894021737,0
315,16.782241573369564,0
316,16.720257301630433,0
317,16.913958150815215,0
319,16.975942422554343,0
320,17.18513933967391,0
322,17.409832324728256,0
323,17.378840188858693,0
325,17.285863781249997,0
326,17.448572494565216,0
327,17.60353317391304,0
329,17.944446668478257,0
330,18.161391619565215,0
332,17.967690770380432,0
333,18.052919144021736,0
334,18.207879823369563,0
336,18.417076740489126,0
337,18.750242201086955,0
339,18.8897068125,0
340,18.73474613315217,0
341,18.90520288043478,0
343,19.02917142391304,0
344,19.230620307065216,0
346,19.50180149592391,0
347,19.525045597826082,0
348,19.517297563858694,0
350,19.62577003940217,0
351,19.749738582880433,0
353,20.02866780570652,0
354,20.27660489266304,0
355,20.206872586956518,0
357,20.261108824728257,0
358,20.354085232336953,0
360,20.493549843749996,0
361,20.795723168478258,0
362,20.966179915760865,0
364,20.81896727038043,0
365,20.958431881793476,0
367,21.04366025543478,0
368,21.22961307065217,0
369,21.58602263315217,0
371,21.64025887092391,0
372,21.493046225543473,0
374,21.655754938858692,0
375,21.787471516304343,0
376,22.05090467119565,0
378,22.252353554347824,0
379,22.081896807065213,0
381,22.11288894293478,0
382,22.3608260298913,0
384,22.58551901494565,0
385,22.887692339673908,0
386,23.00391284918478,0
388,22.864448237771736,0
389,23.034904985054343,0
391,23.182117630434778,0
392,23.32158224184782,0
393,23.623755566576083,0
395,23.739976076086954,0
396,23.639251634510867,0
398,23.817456415760866,0
399,23.918180857336953,0
400,24.166117944293475,0
402,24.522527506793473,0
403,24.4992834048913,0
405,24.483787336956517,0
406,24.716228355978256,0
407,24.8556929673913,0
409,25.15011825815217,0
410,25.289582869565212,0
412,25.20435449592391,0
413,25.359315175271735,0
414,25.475535684782606,0
416,25.676984567934777,0
417,26.017898062499995,0
419,26.11087447010869,0
420,25.940417722826083,0
421,26.134118572010866,0
423,26.211598911684778,0
424,26.420795828804344,0
426,26.761709323369562,0
427,26.715221119565214,0
428,26.660984881793475,0
430,26.82369359510869,0
431,27.040638546195648,0
433,27.397048108695646,0
434,27.59849699184782,0
436,27.497772550271733,0
437,27.567504855978257,0
438,27.76120570516304,0
440,27.908418350543474,0
441,28.202843641304344,0
443,28.29582004891304,0
444,28.23383577717391,0
445,28.466276796195647,0
447,28.567001237771734,0
448,28.72196191711956,0
450,29.03188327581521,0
451,29.047379343749995,0
452,29.000891139945647,0
454,29.179095921195646,0
455,29.24882822690217,0
457,29.520009415760864,0
458,29.78344257065217,0
459,29.72145829891304,0
461,29.767946502717386,0
462,29.876418978260865,0
464,30.101111963315212,0
465,30.473017593749994,0
466,30.713206646739124,0
468,30.635726307065212,0
469,30.767442884510864,0
471,30.875915360054343,0
472,31.007631937499994,0
473,31.302057228260864,0
475,31.33304936413043,0
476,31.263317058423908,0
478,31.480262009510863,0
479,31.542246281249994,0
480,31.844419605978256,0
482,32.09235669293478,0
483,32.076860624999995,0
485,32.123348828804346,0
486,32.28605754211956,0
488,32.479758391304344,0
489,32.82841991983695,0
490,33.02212076902173,0
492,32.81292385190217,0
493,32.95238846331521,0
495,33.00662470108695,0
496,33.2313176861413,0
497,33.5877272486413,0
499,33.64971152038043,0
500,33.603223316576084,0
502,33.88990057336956,0
503,34.006121082880426,0
504,34.300546373641296,0
506,34.563979528532606,0
507,34.50199525679347,0
509,34.42451491711956,0
510,34.594971664402166,0
511,34.82741268342391,0
513,35.19931831385869,0
514,35.346530959239125,0
516,35.160578144021734,0
517,35.31553882336956,0
518,35.47049950271739,0
520,35.68744445380434,0
521,36.020609914402165,0
523,36.0825941861413,0
524,35.97412171059782,0
525,36.183318627717384,0
527,36.29953913722826,0
528,36.524232122282605,0
530,36.82640544701086,0
531,36.82640544701086,0
532,36.84190151494565,0
534,37.02785433016304,0
535,37.20605911141304,0
537,37.48498833423913,0
538,37.70193328532608,0
539,37.60895687771738,0
541,37.74067345516304,0
542,37.787161658967385,0
544,37.95761840624999,0
545,38.275287798913034,0
547,38.36826420652174,0
548,38.244295663043474,0
549,38.54646898777173,0
551,38.64719342934782,0
552,38.88738248233695,0
554,39.24379204483695,0
555,39.313524350543474,0
556,39.259288112771735,0
558,39.43749289402173,0
559,39.553713403532605,0
561,39.72417015081521,0
562,39.925619033967386,0
563,39.824894592391296,0
565,39.987603305706514,0
566,40.19680022282608,0
568,40.305272698369556,0
569,40.59194995516304,0
570,40.73916260054347,0
572,40.73141456657608,0
573,40.808894906249996,0
575,40.85538311005434,0
576,41.12656429891304,0
577,41.43648565760869,0
579,41.482973861413036,0
580,41.47522582744565,0
582,41.71541488043478,0
583,41.81613932201086,0
584,42.14930478260869,0
586,42.4049899035326,0
587,42.29651742798912,0
589,42.319761529891295,0
590,42.482470243206514,0
591,42.56769861684782,0
593,42.84662783967391,0
594,42.99384048505434,0
596,42.91636014538043,0
597,43.05582475679347,0
599,43.19528936820652,0
600,43.41998235326086,0
601,43.69116354211956,0
603,43.791887983695645,0
604,43.737651745923905,0
606,43.923604561141296,0
607,44.039825070652164,0
608,44.38848659918477,0
610,44.675163855978255,0
611,44.64417172010869,0
613,44.69840795788043,0
614,44.915352908967385,0
615,45.023825384510864,0
617,45.31050264130434,0
618,45.504203490489125,0
620,45.403479048913034,0
621,45.59717989809782,0
622,45.697904339673904,0
624,45.883857154891295,0
625,46.19377851358695,0
627,46.3254950910326,0
628,46.30999902309782,0
629,46.472707736413035,0
631,46.51919594021739,0
632,46.82911729891303,0
634,47.170030793478254,0
635,47.16228275951086,0
636,47.14678669157608,0
638,47.32499147282608,0
639,47.410219846467385,0
641,47.7511333410326,0
642,47.99132239402173,0
643,47.898345986413034,0
645,48.04555863179347,0
646,48.23151144701086,0
648,48.401968194293474,0
649,48.65765331521738,0
650,48.719637586956516,0
652,48.618913145380425,0
653,48.750629722826076,0
655,48.89784236820651,0
656,49.16127552309782,0
658,49.602913459239126,0
659,49.69588986684782,0
660,49.633905595108686,0
662,49.78111824048912,0
663,49.85859858016303,0
665,50.17626797282608,0
666,50.4242050597826,0
667,50.331228652173905,0
669,50.40870899184782,0
670,50.548173603260864,0
672,50.72637838451086,0
673,50.98981153940217,0
674,51.19900845652173,0
676,51.15252025271738,0
677,51.26099272826086,0
679,51.408205373641294,0
680,51.63289835869564,0
681,51.97381185326086,0
683,52.01255202309782,0
684,51.89633151358695,0
686,52.105528430706514,0
687,52.26048911005434,0
688,52.632394740489126,0
690,52.89582789538043,0
691,52.80285148777173,0
693,52.88807986141303,0
694,53.04304054076086,0
695,53.10502481249999,0
697,53.414946171195645,0
698,53.58540291847825,0
700,53.59315095244564,0
701,53.817843937499994,0
702,53.93406444701086,0
704,54.089025126358685,0
705,54.383450417119555,0
707,54.45318272282608,0
708,54.45318272282608,0
710,54.646883572010864,0
711,54.778600149456516,0
712,55.11176561005434,0
714,55.40619090081521,0
715,55.266726289402165,0
717,55.266726289402165,0
718,55.43718303668477,0
719,55.58439568206521,0
721,55.95630131249999,0
722,56.18099429755434,0
724,56.18099429755434,0
725,56.35145104483695,0
726,56.45992352038043,0
728,56.66912043749999,0
729,56.94804966032608,0
731,56.94030162635869,0
732,56.878317354619554,0
733,57.141750509510864,0
735,57.273467086956515,0
736,57.53690024184782,0
738,57.84682160054347,0
739,57.87781373641303,0
740,57.90105783831521,0
742,58.14124689130434,0
743,58.22647526494564,0
745,58.54414465760868,0
746,58.74559354076086,0
747,58.699105336956514,0
749,58.86181405027173,0
750,59.04001883152173,0
752,59.233719680706514,0
753,59.62112137907608,0
754,59.714097786684775,0
756,59.559137107336944,0
757,59.81482222826086,0
759,59.907798635869554,0
760,60.147987688858684,0
762,60.42691691168477,0
763,60.45016101358695,0
764,60.47340511548912,0
766,60.72134220244564,0
767,60.77557844021738,0
769,61.131988002717385,0
770,61.42641329347825,0
771,61.41091722554347,0
773,61.52713773505434,0
774,61.63561021059782,0
776,61.81381499184781,0
777,62.14698045244564,0
778,62.2786970298913,0
780,62.2709489959239,0
781,62.43365770923912,0
783,62.54987821874999,0
784,62.797815305706514,0
785,63.13098076630434,0
787,63.13098076630434,0
788,63.05350042663042,0
790,63.3401776834239,0
791,63.518382464673905,0
792,63.85154792527173,0
794,64.13047714809781,0
795,64.09173697826085,0
797,64.16921731793477,0
798,64.33967406521738,0
799,64.47139064266304,0
801,64.81230413722825,0
802,64.9517687486413,0
804,64.89753251086955,0
805,65.15321763179347,0
806,65.32367437907608,0
808,65.58710753396738,0
809,65.91252496059782,0
811,65.99775333423912,0
812,65.92027299456521,0
813,66.02874547010869,0
815,66.14496597961956,0
816,66.43164323641304,0
818,66.72606852717391,0
819,66.67958032336955,0
821,66.68732835733695,0
822,66.87328117255434,0
823,66.98950168206521,0
825,67.36140731249999,0
826,67.59384833152173,0
828,67.53961209375,0
829,67.7023208070652,0
830,67.82628935054346,0
832,67.99674609782608,0
833,68.28342335461956,0
835,68.3299115584239,0
836,68.34540762635868,0
837,68.61658881521738,0
839,68.76380146059782,0
840,69.11246298913042,0
842,69.46112451766304,0
843,69.41463631385868,0
844,69.40688827989129,0
846,69.59284109510868,0
847,69.6625734008152,0
849,70.0267309972826,0
850,70.22043184646738,0
851,70.15069954076085,0
853,70.22817988043477,0
854,70.4683689334239,0
856,70.69306191847825,0
857,70.94099900543478,0
858,71.04947148097826,0
860,70.97199114130434,0
861,71.14244788858694,0
863,71.18893609239129,0
864,71.49885745108695,0
865,71.90950325135869,0
867,71.91725128532607,0
868,71.9017552173913,0
870,72.17293640624999,0
871,72.27366084782608,0
873,72.57583417255434,0
874,72.83926732744564,0
875,72.76178698777173,0
877,72.83151929347825,0
878,73.09495244836955,0
880,73.26540919565217,0
881,73.52884235054347,0
882,73.65281089402173,0
884,73.53659038451086,0
885,73.72254319972825,0
887,73.95498421874998,0
888,74.3036457472826,0
889,74.61356710597825,0
891,74.70654351358695,0
892,74.61356710597825,0
894,74.8382600910326,0
895,74.90024436277173,0
896,75.17917358559781,0
898,75.39611853668477,0
899,75.31863819701086,0
901,75.42711067255433,0
902,75.68279579347825,0
903,75.83000843885868,0
905,76.22515817119564,0
906,76.41111098641304,0
908,76.31813457880433,0
909,76.44985115624999,0
910,76.54282756385868,0
912,76.80626071874998,0
913,77.14717421331521,0
915,77.27114275679347,0
916,77.13167814538042,0
917,77.38736326630433,0
919,77.48033967391304,0
920,77.72827676086955,0
922,77.97621384782607,0
923,77.9607177798913,0
924,78.08468632336955,0
926,78.34037144429347,0
927,78.47983605570651,0
929,78.7587652785326,0
930,78.98345826358694,0
932,78.99895433152173,0
933,79.09193073913042,0
934,79.18490714673912,0
936,79.53356867527172,0
937,79.88223020380434,0
939,79.99845071331521,0
940,79.85123806793477,0
941,80.0991751548913,0
943,80.30062403804347,0
944,80.66478163451086,0
946,80.94371085733694,0
947,81.02893923097825,0
948,80.95920692527173,0
950,81.19939597826085,0
951,81.2536322160326,0
953,81.66427801630434,0
954,81.92771117119564,0
955,81.82698672961955,0
957,81.90446706929346,0
958,82.09041988451085,0
960,82.33060893749999,0
961,82.72575866983695,0
962,82.90396345108694,0
964,82.77999490760868,0
965,82.95819968885868,0
967,83.14415250407608,0
968,83.46956993070651,0
969,83.80273539130434,0
971,83.94220000271739,0
972,83.89571179891303,0
974,84.1049087160326,0
975,84.24437332744564,0
976,84.60853092391304,0
978,84.79448373913043,0
979,84.67051519565216,0
981,84.76349160326086,0
982,84.9959326222826,0
984,85.21287757336955,0
985,85.5227989320652,0
986,85.60802730570651,0
988,85.49180679619563,0
989,85.69325567934781,0
991,85.83272029076086,0
992,86.1503896834239,0
993,86.42931890624999,0
995,86.58427958559781,0
996,86.67725599320651,0
998,86.91744504619564,0
999,87.01042145380434,0
1000,87.35908298233694,0
1002,87.59927203532607,0
1003,87.50629562771738,0
1005,87.52953972961956,0
1006,87.80072091847825,0
1007,88.00991783559782,0
1009,88.40506756793476,0
1010,88.62201251902172,0
1012,88.49804397554347,0
1013,88.66850072282607,0
1014,88.83895747010868,0
1016,89.14113079483694,0
1017,89.38906788179347,0
1019,89.4510521535326,0
1020,89.42006001766303,0
1021,89.73772941032607,0
1023,89.80746171603259,0
1024,90.0708948709239,0
1026,90.35757212771738,0
1027,90.38856426358694,0
1028,90.46604460326085,0
1030,90.6907375883152,0
1031,90.89993450543477,0
1033,91.31058030570651,0
1034,91.48103705298912,0
1036,91.3183283396739,0
1037,91.50428115489129,0
1038,91.65924183423911,0
1040,91.91492695516303,0
1041,92.25584044972824,0
1043,92.35656489130433,0
1044,92.34881685733694,0
1045,92.60450197826086,0
1047,92.72847052173911,0
1048,93.03064384646737,0
1050,93.32506913722824,0
1051,93.33281717119564,0
1052,93.30957306929346,0
1054,93.52651802038042,0
1055,93.68147869972825,0
1057,94.04563629619564,0
1058,94.23933714538042,0
1059,94.27807731521737,0
1061,94.36330568885869,0
1062,94.53376243614129,0
1064,94.75070738722825,0
1065,95.09936891576085,0
1066,95.26982566304346,0
1068,95.18459728940216,0
1069,95.4170383084239,0
1071,95.44803044429347,0
1072,95.71146359918477,0
1073,96.01363692391303,0
1075,96.10661333152173,0
1076,96.07562119565216,0
1078,96.4010386222826,0
1079,96.55599930163042,0
1080,96.96664510190216,0
1082,97.14484988315216,0
1083,97.06736954347825,0
1085,97.1913380869565,0
1086,97.32305466440216,0
1087,97.53225158152172,0
1089,97.93514934782607,0
1090,98.03587378940216,0
1092,98.03587378940216,0
1093,98.19858250271737,0
1095,98.31480301222824,0
1096,98.69445667663042,0
1097,98.95788983152173,0
1099,99.01987410326086,0
1100,98.95788983152173,0
1102,99.22132298641303,0
1103,99.39177973369564,0
1104,99.68620502445651,0
1106,99.9573862133152,0
1107,99.91864604347825,0
1109,100.05036262092389,0
1109,100.24406347010869,1
1109,100.51524465896738,1
1109,100.73993764402172,1
1109,100.73993764402172,1
1109,100.6702053383152,1
1109,100.45326038722824,1
1109,100.1355909945652,1
1109,100.06585868885868,1
1109,100.08135475679346,1
1109,99.67070895652172,1
1109,99.39177973369564,1
1109,99.12059854483694,1
1109,98.9733858994565,1
1109,98.61697633695651,1
1109,98.2605667744565,1
1109,97.9041572119565,1
1109,97.63297602309781,1
1109,97.45477124184781,1
1109,97.31530663043476,1
1109,96.97439313586955,1
1109,96.69546391304347,1
1109,96.8349285244565,1
1110,97.04412544157607,1
1110,97.23007825679346,1
1110,97.28431449456521,1
1110,97.53225158152172,1
1110,97.93514934782607,1
1110,98.29930694429346,1
1110,98.66346454076086,1
1110,99.02762213722825,1
1110,99.29880332608694,1
1110,99.4305199035326,1
1110,99.36853563179346,1
1110,99.22907102038042,1
1110,99.17483478260868,1
1110,99.12059854483694,1
1110,99.01987410326086,1
1110,98.87266145788043,1
1110,98.73319684646738,1
1110,98.60922830298911,1
1110,98.38453531793476,1
1110,98.13659823097825,1
1110,97.95839344972825,1
1110,97.81118080434781,1
1110,97.78018866847825,1
1110,97.67171619293477,1
1110,97.5554956834239,1
1110,97.54774764945651,1
1110,97.42377910597824,1
1111,97.35404680027172,1
1111,97.23782629076085,1
1111,97.12935381521737,1
1111,96.99763723777173,1
1112,97.02088133967389,1
1112,97.14484988315216,1
1112,97.2765664605978,1
1112,97.45477124184781,1
1112,97.80343277038043,1
1113,98.25281874048912,1
1113,98.59373223505433,1
1113,98.84941735597825,1
1113,99.13609461277173,1
1113,99.39952776766303,1
1113,99.36853563179346,1
1113,99.11285051086955,1
1113,98.9888819673913,1
1113,98.78743308423911,1
1113,98.57048813315215,1
1113,98.28381087635869,1
1113,98.09011002717389,1
1113,97.98938558559782,1
1113,97.86541704211955,1
1113,97.67946422690216,1
1113,97.62522798913042,1
1113,97.36179483423912,1
1113,97.23782629076085,1
1113,97.16034595108694,1
1113,97.07511757744564,1
1113,96.97439313586955,1
1114,97.05187347554346,1
1114,97.25332235869564,1
1114,97.32305466440216,1
1114,97.35404680027172,1
1115,97.67946422690216,1
1115,98.04362182336955,1
1115,98.32255104619564,1
1115,98.46976369157608,1
1115,98.7099527445652,1
1115,98.78743308423911,1
1115,98.66346454076086,1
1115,98.59373223505433,1
1115,98.46201565760867,1
1115,98.3457951480978,1
1115,98.12110216304346,1
1115,98.00488165353259,1
1115,97.82667687228259,1
1115,97.67946422690216,1
1115,97.63297602309781,1
1115,97.38503893614129,1
1115,97.13710184918477,1
1115,96.9279049320652,1
1115,96.6644717771739,1
1116,96.60248750543477,1
1116,96.65672374320651,1
1116,96.7497001508152,1
1116,96.88141672826086,1
1116,97.05187347554346,1
1117,97.50900747961956,1
1117,97.96614148369564,1
1117,98.23732267255433,1
1117,98.46201565760867,1
1117,98.70220471059781,1
1117,98.76418898233695,1
1117,98.64022043885868,1
1117,98.5317479633152,1
1117,98.40003138586955,1
1117,98.30705497826085,1
1117,98.11335412907607,1
1117,97.9119052459239,1
1117,97.7337004646739,1
1117,97.59423585326086,1
1117,97.50125944565215,1
1117,97.42377910597824,1
1117,97.31530663043476,1
1117,97.1061097133152,1
1117,96.88141672826086,1
1118,96.81168442255434,1
1118,97.07511757744564,1
1118,97.23007825679346,1
1118,97.41603107201085,1
1119,97.7337004646739,1
1119,98.15209429891303,1
1119,98.48525975951085,1
1119,98.7951811182065,1
1119,99.05861427309782,1
1119,99.22907102038042,1
1119,99.12059854483694,1
1119,99.01212606929346,1
1119,98.91140162771738,1
1119,98.8881575258152,1
1119,98.81067718614129,1
1119,98.64022043885868,1
1119,98.41552745380433,1
1119,98.29930694429346,1
1119,98.15984233288042,1
1119,97.95839344972825,1
1119,97.78793670244563,1
1119,97.65622012499999,1
1119,97.58648781929347,1
1119,97.43152713994564,1
1119,97.23782629076085,1
1119,97.09836167934782,1
1119,96.89691279619564,1
1119,96.99763723777173,1
1120,97.1061097133152,1
1120,97.2765664605978,1
1120,97.36179483423912,1
1120,97.6407240570652,1
1120,98.0823619932065,1
1120,98.42327548777172,1
1120,98.61697633695651,1
1120,98.77968505027172,1
1120,98.93464572961955,1
1120,98.92689769565216,1
1120,98.86491342391302,1
1120,98.75644094836954,1
1120,98.61697633695651,1
1120,98.5317479633152,1
1120,98.33029908016303,1
1120,98.0823619932065,1
1120,97.79568473641302,1
1120,97.81118080434781,1
1120,97.71820439673911,1
1120,97.56324371739129,1
1120,97.2765664605978,1
1121,97.18359005298912,1
1121,97.08286561141303,1
1121,96.95114903396738,1
1121,96.88916476222825,1
1122,96.94340099999998,1
1122,97.1138577472826,1
1122,97.32305466440216,1
1122,97.3772909021739,1
1123,97.63297602309781,1
1123,97.93514934782607,1
1123,98.21407857065216,1
1123,98.2605667744565,1
1123,98.48525975951085,1
1123,98.47751172554347,1
1123,98.50075582744563,1
1123,98.33029908016303,1
1123,98.22957463858694,1
1123,98.12110216304346,1
1123,97.94289738179346,1
1123,97.81118080434781,1
1123,97.67946422690216,1
1123,97.4625192758152,1
1123,97.31530663043476,1
1123,97.1061097133152,1
1123,96.7497001508152,1
1123,96.56374733559781,1
1124,96.54050323369563,1
1124,96.77294425271738,1
1124,96.82718049048911,1
1124,96.94340099999998,1
1125,97.32305466440216,1
1125,97.78018866847825,1
1125,98.11335412907607,1
1125,98.25281874048912,1
1125,98.5317479633152,1
1125,98.57823616711956,1
1125,98.4465195896739,1
1125,98.43102352173912,1
1125,98.46976369157608,1
1125,98.48525975951085,1
1125,98.40003138586955,1
1125,98.2605667744565,1
1125,98.19083446874998,1
1125,98.12110216304346,1
1125,97.96614148369564,1
1125,97.83442490624998,1
1125,97.64847209103259,1
1125,97.54774764945651,1
1125,97.40828303804346,1
1125,97.32305466440216,1
1125,97.17584201902173,1
1126,97.0286293736413,1
1126,97.02088133967389,1
1126,96.88916476222825,1
1126,96.8349285244565,1
1127,96.88916476222825,1
1127,96.97439313586955,1
1127,97.33080269836955,1
1127,97.53225158152172,1
1127,97.80343277038043,1
1127,98.19083446874998,1
1127,98.46201565760867,1
1127,98.70220471059781,1
1127,98.89590555978259,1
1127,99.0663623070652,1
1127,99.22132298641303,1
1127,99.14384264673912,1
1127,98.99663000135868,1
1127,98.78743308423911,1
1127,98.67896060869563,1
1127,98.46201565760867,1
1127,98.33804711413042,1
1127,98.12885019701085,1
1127,97.95064541576086,1
1127,97.71045636277172,1
1127,97.50900747961956,1
1127,97.35404680027172,1
1127,97.24557432472824,1
1128,97.17584201902173,1
1128,97.15259791711955,1
1128,97.05962150951085,1
1128,97.0286293736413,1
1129,96.98988920380434,1
1129,97.15259791711955,1
1129,97.2765664605978,1
1129,97.43152713994564,1
1130,97.74144849864129,1
1130,98.12885019701085,1
1130,98.47751172554347,1
1130,98.67896060869563,1
1130,98.92689769565216,1
1130,99.05086623913041,1
1130,99.01212606929346,1
1130,98.8881575258152,1
1130,98.7951811182065,1
1130,98.72544881249999,1
1130,98.54724403124999,1
1130,98.29155891032607,1
1130,98.01262968749998,1
1130,97.79568473641302,1
1130,97.7259524307065,1
1130,97.58648781929347,1
1130,97.41603107201085,1
1130,97.30755859646737,1
1130,97.1061097133152,1
1130,97.0131333057065,1
1130,97.02088133967389,1
1131,97.00538527173912,1
1131,97.1138577472826,1
1131,97.1138577472826,1
1131,97.35404680027172,1
1132,97.52450354755433,1
1132,97.7337004646739,1
1132,97.92740131385868,1
1132,98.04362182336955,1
1132,98.23732267255433,1
1132,98.41552745380433,1
1132,98.40777941983694,1
1132,98.3535431820652,1
1132,98.27606284239128,1
1132,98.3612912160326,1
1132,98.41552745380433,1
1132,98.23732267255433,1
1132,98.03587378940216,1
1132,97.84992097418477,1
1132,97.66396815896738,1
1132,97.51675551358694,1
1132,97.34629876630433,1
1132,97.1138577472826,1
1132,97.02088133967389,1
1132,96.92015689809782,1
1133,96.95889706793477,1
1133,97.14484988315216,1
1133,97.29981056249999,1
1133,97.42377910597824,1
1134,97.67171619293477,1
1134,98.00488165353259,1
1134,98.40777941983694,1
1134,98.65571650679347,1
1134,98.95788983152173,1
1134,99.11285051086955,1
1134,99.16708674864128,1
1134,99.05086623913041,1
1134,98.96563786548911,1
1134,98.8881575258152,1
1134,98.86491342391302,1
1134,98.65571650679347,1
1134,98.50850386141303,1
1134,98.36903924999999,1
1134,98.24507070652173,1
1134,98.09011002717389,1
1134,97.96614148369564,1
1134,97.81118080434781,1
1134,97.76469260054347,1
1134,97.67946422690216,1
1134,97.56324371739129,1
1134,97.50125944565215,1
1134,97.40828303804346,1
1134,97.31530663043476,1
1134,97.25332235869564,1
1134,97.12160578124998,1
1134,97.18359005298912,1
1135,97.28431449456521,1
1135,97.53999961548911,1
1135,97.71820439673911,1
1135,97.95064541576086,1
1135,98.21407857065216,1
1135,98.57048813315215,1
1135,98.86491342391302,1
1135,99.1593387146739,1
1135,99.41502383559781,1
1135,99.63196878668477,1
1135,99.61647271874999,1
1135,99.44601597146738,1
1135,99.32979546195651,1
1135,99.16708674864128,1
1135,98.9733858994565,1
1135,98.74869291440216,1
1135,98.57823616711956,1
1135,98.36903924999999,1
1135,98.05136985733694,1
1135,97.8189288383152,1
1135,97.65622012499999,1
1135,97.53225158152172,1
1135,97.43927517391303,1
1135,97.29981056249999,1
1135,97.2920625285326,1
1136,97.28431449456521,1
1136,97.21458218885869,1
1136,97.1061097133152,1
1136,96.97439313586955,1
1137,97.0286293736413,1
1137,97.21458218885869,1
1137,97.36179483423912,1
1137,97.54774764945651,1
1137,97.94289738179346,1
1137,98.36903924999999,1
1137,98.67896060869563,1
1137,98.85716538994564,1
1137,99.09735444293477,1
1137,99.27555922418476,1
1137,99.27555922418476,1
1137,99.22132298641303,1
1137,99.1593387146739,1
1137,99.12834657880433,1
1137,98.91140162771738,1
1137,98.7099527445652,1
1137,98.50075582744563,1
1137,98.33804711413042,1
1137,98.0978580611413,1
1137,97.93514934782607,1
1137,97.79568473641302,1
1137,97.62522798913042,1
1137,97.41603107201085,1
1138,97.2920625285326,1
1138,97.16809398505433,1
1138,97.0131333057065,1
1138,96.86592066032607,1
1138,96.80393638858695,1
1139,96.95889706793477,1
1139,97.24557432472824,1
1139,97.21458218885869,1
1139,97.34629876630433,1
1140,97.54774764945651,1
1140,97.83442490624998,1
1140,98.11335412907607,1
1140,98.49300779347824,1
1140,98.74094488043477,1
1140,98.92689769565216,1
1140,98.87266145788043,1
1140,98.74094488043477,1
1140,98.67121257472824,1
1140,98.68670864266302,1
1140,98.57823616711956,1
1140,98.45426762364129,1
1140,98.30705497826085,1
1140,98.22182660461955,1
1140,98.01262968749998,1
1140,97.83442490624998,1
1140,97.66396815896738,1
1140,97.44702320788042,1
1140,97.2920625285326,1
1140,97.16034595108694,1
1140,97.09061364538042,1
1141,97.05187347554346,1
1141,97.1138577472826,1
1141,97.25332235869564,1
1141,97.40828303804346,1
1141,97.62522798913042,1
1142,97.9971336195652,1
1142,98.39228335190217,1
1142,98.73319684646738,1
1142,99.11285051086955,1
1142,99.32204742798912,1
1142,99.34529152989128,1
1142,99.30655136005433,1
1142,99.2368190543478,1
1142,99.17483478260868,1
1142,99.03537017119564,1
1142,98.87266145788043,1
1142,98.68670864266302,1
1142,98.60922830298911,1
1142,98.55499206521738,1
1142,98.39228335190217,1
1142,98.25281874048912,1
1142,98.06686592527173,1
1142,97.88866114402173,1
1142,97.79568473641302,1
1142,97.7259524307065,1
1142,97.67171619293477,1
1142,97.59423585326086,1
1142,97.50125944565215,1
1142,97.40828303804346,1
1142,97.35404680027172,1
1142,97.26881842663042,1
1142,97.1061097133152,1
1142,97.16034595108694,1
1143,97.36954286820651,1
1143,97.69496029483695,1
1143,97.9119052459239,1
1143,98.14434626494564,1
1143,98.4465195896739,1
1143,98.77968505027172,1
1143,99.04311820516303,1
1143,99.27555922418476,1
1143,99.53124434510868,1
1143,99.79467749999998,1
1143,99.83341766983695,1
1143,99.74044126222825,1
1143,99.61647271874999,1
1143,99.48475614130433,1
1143,99.29105529211955,1
1143,99.05861427309782,1
1143,98.89590555978259,1
1143,98.77193701630434,1
1143,98.50850386141303,1
1143,98.25281874048912,1
1143,98.03587378940216,1
1143,97.91965327989129,1
1143,97.76469260054347,1
1143,97.70270832880433,1
1143,97.58648781929347,1
1143,97.4702673097826,1
1143,97.31530663043476,1
1143,97.31530663043476,1
1144,97.2765664605978,1
1144,97.2920625285326,1
1144,97.26881842663042,1
1144,97.16809398505433,1
1145,97.24557432472824,1
1145,97.47801534374999,1
1145,97.71045636277172,1
1145,97.77244063451086,1
1145,98.14434626494564,1
1145,98.57823616711956,1
1145,98.83392128804346,1
1145,98.9888819673913,1
1145,99.14384264673912,1
1145,99.27555922418476,1
1145,99.32979546195651,1
1145,99.21357495244564,1
1145,99.12059854483694,1
1145,99.03537017119564,1
1145,98.8881575258152,1
1145,98.71770077853259,1
1145,98.49300779347824,1
1145,98.39228335190217,1
1145,98.22957463858694,1
1145,98.01262968749998,1
1145,97.88091311005434,1
1145,97.60973192119563,1
1145,97.43927517391303,1
1145,97.2765664605978,1
1145,97.18359005298912,1
1146,97.23782629076085,1
1146,97.17584201902173,1
1146,97.0131333057065,1
1146,96.98214116983694,1
1147,97.04412544157607,1
1147,97.28431449456521,1
1147,97.39278697010867,1
1147,97.59423585326086,1
1147,97.87316507608693,1
1147,98.1830864347826,1
1147,98.49300779347824,1
1147,98.68670864266302,1
1147,98.9888819673913,1
1147,99.1593387146739,1
1147,99.14384264673912,1
1147,99.14384264673912,1
1147,99.1515906807065,1
1147,99.08185837499998,1
1147,99.03537017119564,1
1147,98.90365359374998,1
1147,98.81842522010868,1
1147,98.68670864266302,1
1147,98.57823616711956,1
1147,98.40777941983694,1
1147,98.22182660461955,1
1147,98.12110216304346,1
1147,97.9119052459239,1
1147,97.79568473641302,1
1147,97.67171619293477,1
1147,97.57099175135868,1
1147,97.49351141168476,1
1148,97.4625192758152,1
1148,97.32305466440216,1
1148,97.25332235869564,1
1148,97.22233022282607,1
1149,97.17584201902173,1
1149,97.33080269836955,1
1149,97.51675551358694,1
1149,97.75694456657607,1
1149,98.02037772146737,1
1149,98.32255104619564,1
1149,98.59373223505433,1
1149,98.93464572961955,1
1149,99.28330725815216,1
1149,99.56998451494563,1
1149,99.74818929619563,1
1149,99.65521288858695,1
1149,99.56998451494563,1
1149,99.49250417527172,1
1149,99.4227718695652,1
1149,99.28330725815216,1
1149,99.12059854483694,1
1149,98.93464572961955,1
1149,98.8029291521739,1
1149,98.65571650679347,1
1149,98.41552745380433,1
1149,98.23732267255433,1
1149,98.14434626494564,1
1149,98.00488165353259,1
1149,97.84217294021738,1
1149,97.75694456657607,1
1149,97.70270832880433,1
1149,97.63297602309781,1
1149,97.6407240570652,1
1149,97.53225158152172,1
1149,97.4702673097826,1
1149,97.47801534374999,1
1149,97.36954286820651,1
1150,97.31530663043476,1
1150,97.36954286820651,1
1150,97.3772909021739,1
1150,97.42377910597824,1
1151,97.5554956834239,1
1151,97.89640917798911,1
1151,98.2605667744565,1
1151,98.50850386141303,1
1151,98.7951811182065,1
1151,98.95014179755434,1
1151,99.22132298641303,1
1151,99.35303956385869,1
1151,99.46926007336955,1
1151,99.62422075271738,1
1151,99.70170109239129,1
1151,99.79467749999998,1
1151,99.70170109239129,1
1151,99.57773254891303,1
1151,99.4305199035326,1
1151,99.27555922418476,1
1151,99.09735444293477,1
1151,98.90365359374998,1
1151,98.89590555978259,1
1151,98.86491342391302,1
1151,98.77968505027172,1
1151,98.67121257472824,1
1151,98.54724403124999,1
1151,98.49300779347824,1
1151,98.37678728396737,1
1151,98.38453531793476,1
1151,98.32255104619564,1
1151,98.29930694429346,1
1151,98.23732267255433,1
1151,98.12110216304346,1
1151,98.07461395923912,1
1151,98.1675903668478,1
1151,98.12885019701085,1
1151,98.09011002717389,1
1151,98.00488165353259,1
1151,97.91965327989129,1
1151,97.92740131385868,1
1151,97.84217294021738,1
1151,97.71045636277172,1
1151,97.71045636277172,1
1151,97.66396815896738,1
1151,97.7259524307065,1
1151,97.70270832880433,1
1151,97.63297602309781,1
1151,97.60198388722824,1
1151,97.51675551358694,1
1151,97.52450354755433,1
1151,97.53999961548911,1
1151,97.56324371739129,1
1151,97.54774764945651,1
1151,97.5554956834239,1
1151,97.5554956834239,1
1151,97.57099175135868,1
1151,97.50900747961956,1
1151,97.47801534374999,1
1151,97.36179483423912,1
1151,97.33080269836955,1
1151,97.2920625285326,1
1152,97.41603107201085,1
1152,97.60973192119563,1
1152,97.89640917798911,1
1152,98.12885019701085,1
1152,98.54724403124999,1
1152,98.99663000135868,1
1152,99.36853563179346,1
1152,99.66296092255433,1
1152,99.92639407744564,1
1152,100.23631543614128,1
1152,100.31379577581521,1
1152,100.09685082472825,1
1152,99.93414211141302,1
1152,99.71719716032607,1
1152,99.52349631114129,1
1152,99.27555922418476,1
1152,98.96563786548911,1
1152,98.74869291440216,1
1152,98.65571650679347,1
1152,98.46976369157608,1
1152,98.41552745380433,1
1152,98.3612912160326,1
1152,98.28381087635869,1
1152,98.11335412907607,1
1152,98.06686592527173,1
1152,97.98938558559782,1
1152,97.81118080434781,1
1152,97.69496029483695,1
1152,97.53999961548911,1
1152,97.48576337771738,1
1152,97.48576337771738,1
1152,97.38503893614129,1
1152,97.20683415489128,1
1153,97.25332235869564,1
1153,97.17584201902173,1
1153,97.05962150951085,1
1153,97.00538527173912,1
1154,97.12935381521737,1
1154,97.32305466440216,1
1154,97.53999961548911,1
1154,97.89640917798911,1
1154,98.32255104619564,1
1154,98.69445667663042,1
1154,99.05086623913041,1
1154,99.18258281657607,1
1154,99.40727580163042,1
1154,99.50025220923912,1
1154,99.4227718695652,1
1154,99.29105529211955,1
1154,99.02762213722825,1
1154,98.88040949184781,1
1154,98.85716538994564,1
1154,98.77968505027172,1
1154,98.49300779347824,1
1154,98.21407857065216,1
1154,98.05911789130434,1
1154,97.8189288383152,1
1154,97.63297602309781,1
1154,97.4625192758152,1
1154,97.33080269836955,1
1155,97.25332235869564,1
1155,97.1990861209239,1
1155,97.05187347554346,1
1155,96.86592066032607,1
1156,96.8426765584239,1
1156,97.05962150951085,1
1156,97.31530663043476,1
1156,97.49351141168476,1
1156,97.76469260054347,1
1156,98.30705497826085,1
1156,98.84941735597825,1
1156,99.13609461277173,1
1156,99.44601597146738,1
1156,99.75593733016302,1
1156,99.8644098057065,1
1156,99.71719716032607,1
1156,99.62422075271738,1
1156,99.44601597146738,1
1156,99.39177973369564,1
1156,99.27555922418476,1
1156,99.1515906807065,1
1156,99.01212606929346,1
1156,98.95788983152173,1
1156,98.7951811182065,1
1156,98.5317479633152,1
1156,98.31480301222824,1
1156,98.25281874048912,1
1156,98.15984233288042,1
1156,98.04362182336955,1
1156,98.00488165353259,1
1156,97.95064541576086,1
1156,97.89640917798911,1
1156,97.84217294021738,1
1156,97.79568473641302,1
1156,97.76469260054347,1
1156,97.6407240570652,1
1156,97.52450354755433,1
1156,97.4625192758152,1
1157,97.43927517391303,1
1157,97.38503893614129,1
1157,97.16034595108694,1
1157,96.99763723777173,1
1158,97.14484988315216,1
1158,97.3772909021739,1
1158,97.59423585326086,1
1158,97.87316507608693,1
1158,98.27606284239128,1
1158,98.73319684646738,1
1158,99.1593387146739,1
1158,99.6009766508152,1
1158,99.96513424728259,1
1158,100.19757526630433,1
1158,100.25181150407607,1
1158,100.16658313043477,1
1158,100.0426145869565,1
1158,100.01937048505434,1
1158,99.90314997554346,1
1158,99.70170109239129,1
1158,99.44601597146738,1
1158,99.27555922418476,1
1158,99.10510247690216,1
1158,98.92689769565216,1
1158,98.84166932201086,1
1158,98.70220471059781,1
1158,98.69445667663042,1
1158,98.57048813315215,1
1158,98.48525975951085,1
1158,98.43877155570651,1
1158,98.29155891032607,1
1158,98.15984233288042,1
1158,98.00488165353259,1
1158,98.00488165353259,1
1158,97.92740131385868,1
1158,97.78793670244563,1
1158,97.68721226086954,1
1158,97.63297602309781,1
1158,97.60973192119563,1
1158,97.57873978532608,1
1158,97.58648781929347,1
1158,97.56324371739129,1
1158,97.51675551358694,1
1158,97.48576337771738,1
1158,97.50125944565215,1
1158,97.44702320788042,1
1159,97.47801534374999,1
1159,97.47801534374999,1
1159,97.45477124184781,1
1159,97.40828303804346,1
1159,97.52450354755433,1
1160,97.86541704211955,1
1160,98.0823619932065,1
1160,98.29155891032607,1
1160,98.55499206521738,1
1160,98.81842522010868,1
1160,99.16708674864128,1
1160,99.37628366576085,1
1160,99.6009766508152,1
1160,99.83341766983695,1
1160,99.94963817934782,1
1160,99.90314997554346,1
1160,99.7791814320652,1
1160,99.71719716032607,1
1160,99.71719716032607,1
1160,99.58548058288042,1
1160,99.46926007336955,1
1160,99.44601597146738,1
1160,99.30655136005433,1
1160,99.21357495244564,1
1160,99.04311820516303,1
1160,98.99663000135868,1
1160,98.90365359374998,1
1160,98.83392128804346,1
1160,98.7951811182065,1
1160,98.81842522010868,1
1160,98.70220471059781,1
1160,98.61697633695651,1
1160,98.54724403124999,1
1160,98.45426762364129,1
1160,98.40003138586955,1
1160,98.3612912160326,1
1160,98.32255104619564,1
1160,98.3612912160326,1
1160,98.23732267255433,1
1160,98.15209429891303,1
1160,98.07461395923912,1
1160,98.05136985733694,1
1160,97.9971336195652,1
1160,97.96614148369564,1
1160,98.04362182336955,1
1160,97.95064541576086,1
1160,97.84992097418477,1
1160,97.81118080434781,1
1160,97.88866114402173,1
1160,97.86541704211955,1
1160,97.81118080434781,1
1160,97.82667687228259,1
1160,97.84992097418477,1
1160,97.74919653260868,1
1160,97.74144849864129,1
1160,97.67946422690216,1
1160,97.7259524307065,1
1160,97.74144849864129,1
1160,97.79568473641302,1
1160,97.74919653260868,1
1160,97.7259524307065,1
1160,97.67946422690216,1
1160,97.61747995516303,1
1160,97.6407240570652,1
1160,97.59423585326086,1
1160,97.60973192119563,1
1160,97.58648781929347,1
1160,97.57873978532608,1
1160,97.58648781929347,1
1160,97.60973192119563,1
1160,97.50900747961956,1
1160,97.47801534374999,1
1160,97.42377910597824,1
1160,97.34629876630433,1
1160,97.23007825679346,1
1160,97.1990861209239,1
1161,97.41603107201085,1
1161,97.69496029483695,1
1161,97.95064541576086,1
1161,98.2605667744565,1
1161,98.67896060869563,1
1161,99.22907102038042,1
1161,99.58548058288042,1
1161,99.85666177173911,1
1161,100.1433390285326,1
1161,100.25181150407607,1
1161,100.28280363994564,1
1161,100.1433390285326,1
1161,99.99612638315216,1
1161,99.81792160190216,1
1161,99.62422075271738,1
1161,99.35303956385869,1
1161,99.05861427309782,1
1161,98.83392128804346,1
1161,98.68670864266302,1
1161,98.41552745380433,1
1161,98.25281874048912,1
1161,98.12110216304346,1
1161,98.02812575543477,1
1161,97.95064541576086,1
1161,97.88091311005434,1
1161,97.81118080434781,1
1161,97.7337004646739,1
1161,97.59423585326086,1
1161,97.51675551358694,1
1161,97.34629876630433,1
1161,97.31530663043476,1
1161,97.28431449456521,1
1162,97.24557432472824,1
1162,97.29981056249999,1
1162,97.23782629076085,1
1162,97.18359005298912,1
1163,97.22233022282607,1
1163,97.3772909021739,1
1163,97.67946422690216,1
1163,97.81118080434781,1
1163,98.02037772146737,1
1163,98.33029908016303,1
1163,98.65571650679347,1
1163,98.94239376358694,1
1163,99.2368190543478,1
1163,99.5157482771739,1
1163,99.6009766508152,1
1163,99.45376400543476,1
1163,99.39177973369564,1
1163,99.34529152989128,1
1163,99.32204742798912,1
1163,99.18258281657607,1
1163,98.93464572961955,1
1163,98.70220471059781,1
1163,98.60922830298911,1
1163,98.45426762364129,1
1163,98.33029908016303,1
1163,98.0978580611413,1
1163,98.00488165353259,1
1163,97.84217294021738,1
1163,97.74919653260868,1
1163,97.59423585326086,1
1163,97.57099175135868,1
1163,97.4625192758152,1
1163,97.36179483423912,1
1163,97.24557432472824,1
1164,97.2765664605978,1
1164,97.33080269836955,1
1164,97.34629876630433,1
1164,97.34629876630433,1
1165,97.4702673097826,1
1165,97.76469260054347,1
1165,97.97388951766303,1
1165,98.22182660461955,1
1165,98.6247243709239,1
1165,99.02762213722825,1
1165,99.4305199035326,1
1165,99.62422075271738,1
1165,99.91089800951086,1
1165,100.15883509646737,1
1165,100.17433116440216,1
1165,100.12009492663041,1
1165,100.05036262092389,1
1165,99.94189014538041,1
1165,99.83341766983695,1
1165,99.6009766508152,1
1165,99.39952776766303,1
1165,99.26006315624998,1
1165,99.08960640896737,1
1165,98.90365359374998,1
1165,98.74094488043477,1
1165,98.60148026902172,1
1165,98.49300779347824,1
1165,98.3612912160326,1
1165,98.25281874048912,1
1165,98.1675903668478,1
1165,98.10560609510868,1
1165,98.02812575543477,1
1165,97.95064541576086,1
1165,97.87316507608693,1
1165,97.86541704211955,1
1165,97.75694456657607,1
1165,97.71820439673911,1
1165,97.60973192119563,1
1165,97.61747995516303,1
1165,97.53999961548911,1
1165,97.5554956834239,1
1165,97.48576337771738,1
1165,97.4625192758152,1
1165,97.41603107201085,1
1166,97.4702673097826,1
1166,97.51675551358694,1
1166,97.50125944565215,1
1166,97.43152713994564,1
1166,97.59423585326086,1
1166,97.81118080434781,1
1166,98.20633053668476,1
1166,98.47751172554347,1
1166,98.74869291440216,1
1166,98.91140162771738,1
1166,99.13609461277173,1
1166,99.39177973369564,1
1166,99.5157482771739,1
1166,99.68620502445651,1
1166,99.77143339809781,1
1166,99.99612638315216,1
1166,99.91864604347825,1
1166,99.81017356793477,1
1166,99.65521288858695,1
1166,99.53899237907608,1
1166,99.50025220923912,1
1166,99.38403169972824,1
1166,99.30655136005433,1
1166,99.27555922418476,1
1166,99.14384264673912,1
1166,99.0663623070652,1
1166,98.9733858994565,1
1166,98.91914966168477,1
1166,98.84941735597825,1
1166,98.81067718614129,1
1166,98.76418898233695,1
1166,98.72544881249999,1
1166,98.60922830298911,1
1166,98.48525975951085,1
1166,98.38453531793476,1
1166,98.40777941983694,1
1166,98.3612912160326,1
1166,98.29930694429346,1
1166,98.1753384008152,1
1166,98.21407857065216,1
1166,98.12110216304346,1
1166,98.07461395923912,1
1166,98.02037772146737,1
1166,97.97388951766303,1
1166,97.9119052459239,1
1166,97.89640917798911,1
1166,97.91965327989129,1
1166,98.06686592527173,1
1166,98.05911789130434,1
1166,98.01262968749998,1
1166,97.95064541576086,1
1166,97.95064541576086,1
1166,97.95064541576086,1
1166,97.88866114402173,1
1166,97.92740131385868,1
1166,97.93514934782607,1
1166,97.88091311005434,1
1166,97.84992097418477,1
1166,97.86541704211955,1
1166,97.86541704211955,1
1166,97.80343277038043,1
1166,97.79568473641302,1
1166,97.75694456657607,1
1166,97.74919653260868,1
1166,97.88091311005434,1
1166,97.86541704211955,1
1166,97.84217294021738,1
1166,97.91965327989129,1
1166,97.83442490624998,1
1166,97.78793670244563,1
1166,97.78018866847825,1
1166,97.7337004646739,1
1166,97.66396815896738,1
1166,97.60973192119563,1
1166,97.57099175135868,1
1166,97.60973192119563,1
1166,97.60198388722824,1
1166,97.56324371739129,1
1166,97.60973192119563,1
1166,97.66396815896738,1
1166,97.71045636277172,1
1166,97.68721226086954,1
1166,97.58648781929347,1
1166,97.50125944565215,1
1166,97.42377910597824,1
1166,97.40053500407608,1
1167,97.3772909021739,1
1167,97.59423585326086,1
1167,97.63297602309781,1
1167,97.53225158152172,1
1167,97.59423585326086,1
1167,97.74919653260868,1
1167,97.95064541576086,1
1167,98.25281874048912,1
1167,98.45426762364129,1
1167,98.73319684646738,1
1167,99.01212606929346,1
1167,99.30655136005433,1
1167,99.55448844701085,1
1167,99.76368536413042,1
1167,99.9573862133152,1
1167,100.01162245108694,1
1167,100.01937048505434,1
1167,100.0581106548913,1
1167,100.06585868885868,1
1167,99.98063031521738,1
1167,99.83341766983695,1
1167,99.76368536413042,1
1167,99.6939530584239,1
1167,99.5157482771739,1
1167,99.35303956385869,1
1167,99.29105529211955,1
1167,99.18258281657607,1
1167,99.13609461277173,1
1167,99.10510247690216,1
1167,98.94239376358694,1
1167,98.88040949184781,1
1167,98.77968505027172,1
1167,98.74094488043477,1
1167,98.67896060869563,1
1167,98.63247240489129,1
1167,98.55499206521738,1
1167,98.47751172554347,1
1167,98.4465195896739,1
1167,98.39228335190217,1
1167,98.31480301222824,1
1167,98.24507070652173,1
1167,98.19083446874998,1
1167,98.1675903668478,1
1167,98.09011002717389,1
1167,98.00488165353259,1
1167,98.01262968749998,1
1167,98.00488165353259,1
1167,98.02037772146737,1
1167,98.04362182336955,1
1167,98.02812575543477,1
1167,98.02037772146737,1
1167,97.97388951766303,1
1167,97.91965327989129,1
1167,97.85766900815216,1
1167,97.82667687228259,1
1167,97.8189288383152,1
1167,97.80343277038043,1
1167,97.78793670244563,1
1167,97.74919653260868,1
1167,97.7337004646739,1
1167,97.67946422690216,1
1167,97.6407240570652,1
1167,97.5554956834239,1
1167,97.53999961548911,1
1167,97.61747995516303,1
1167,97.60198388722824,1
1167,97.56324371739129,1
1167,97.56324371739129,1
1167,97.62522798913042,1
1167,97.56324371739129,1
1167,97.54774764945651,1
1167,97.5554956834239,1
1167,97.48576337771738,1
1167,97.4702673097826,1
1167,97.4625192758152,1
1167,97.52450354755433,1
1167,97.59423585326086,1
1167,97.53999961548911,1
1167,97.60973192119563,1
1167,97.67946422690216,1
1167,97.77244063451086,1
1167,97.78793670244563,1
1167,97.74144849864129,1
1167,97.71045636277172,1
1167,97.69496029483695,1
1167,97.63297602309781,1
1167,97.53225158152172,1
1167,97.53225158152172,1
1167,97.57099175135868,1
1167,97.60973192119563,1
1167,97.53225158152172,1
1167,97.58648781929347,1
1167,97.62522798913042,1
1167,97.57099175135868,1
1167,97.58648781929347,1
1167,97.60973192119563,1
1167,97.5554956834239,1
1167,97.49351141168476,1
1168,97.41603107201085,1
1168,97.36954286820651,1
1168,97.3772909021739,1
1168,97.33080269836955,1
1169,97.41603107201085,1
1169,97.67171619293477,1
1169,97.88866114402173,1
1169,98.21407857065216,1
1169,98.6247243709239,1
1169,99.1515906807065,1
1169,99.57773254891303,1
1169,99.89540194157607,1
1169,100.24406347010869,1
1169,100.42226825135867,1
1169,100.46100842119564,1
1169,100.39127611548912,1
1169,100.29055167391303,1
1169,100.2208193682065,1
1169,99.99612638315216,1
1169,99.75593733016302,1
1169,99.49250417527172,1
1169,99.27555922418476,1
1169,99.05086623913041,1
1169,98.81067718614129,1
1169,98.55499206521738,1
1169,98.39228335190217,1
1169,98.33029908016303,1
1169,98.15209429891303,1
1169,98.04362182336955,1
1169,97.89640917798911,1
1169,97.77244063451086,1
1169,97.61747995516303,1
1169,97.48576337771738,1
1169,97.40828303804346,1
1169,97.40053500407608,1
1170,97.36954286820651,1
1170,97.36179483423912,1
1170,97.38503893614129,1
1170,97.34629876630433,1
1170,97.41603107201085,1
1171,97.54774764945651,1
1171,97.81118080434781,1
1171,98.03587378940216,1
1171,98.15209429891303,1
1171,98.1753384008152,1
1171,98.31480301222824,1
1171,98.60922830298911,1
1171,98.74869291440216,1
1171,98.88040949184781,1
1171,99.05086623913041,1
1171,99.12834657880433,1
1171,99.14384264673912,1
1171,99.01212606929346,1
1171,98.77968505027172,1
1171,98.59373223505433,1
1171,98.50075582744563,1
1171,98.43102352173912,1
1171,98.29930694429346,1
1171,98.09011002717389,1
1171,98.04362182336955,1
1171,97.95839344972825,1
1171,97.88091311005434,1
1171,97.79568473641302,1
1171,97.65622012499999,1
1171,97.53999961548911,1
1171,97.56324371739129,1
1171,97.53225158152172,1
1171,97.60198388722824,1
1171,97.4702673097826,1
1171,97.48576337771738,1
1171,97.34629876630433,1
1171,97.12935381521737,1
1172,97.17584201902173,1
1172,97.43927517391303,1
1172,97.62522798913042,1
1172,97.91965327989129,1
1172,98.33804711413042,1
1172,98.81842522010868,1
1172,99.28330725815216,1
1172,99.65521288858695,1
1172,100.07360672282607,1
1172,100.26730757201085,1
1172,100.26730757201085,1
1172,100.07360672282607,1
1172,99.71719716032607,1
1172,99.55448844701085,1
1172,99.43826793749999,1
1172,99.26781119021737,1
1172,99.08960640896737,1
1172,98.95788983152173,1
1172,98.7951811182065,1
1172,98.51625189538042,1
1172,98.36903924999999,1
1172,98.29930694429346,1
1172,98.12885019701085,1
1172,98.02037772146737,1
1172,97.98938558559782,1
1172,97.87316507608693,1
1172,97.71820439673911,1
1172,97.67946422690216,1
1172,97.54774764945651,1
1172,97.4702673097826,1
1172,97.32305466440216,1
1173,97.43152713994564,1
1173,97.39278697010867,1
1173,97.36179483423912,1
1173,97.23782629076085,1
1174,97.38503893614129,1
1174,97.69496029483695,1
1174,97.98938558559782,1
1174,98.21407857065216,1
1174,98.52399992934781,1
1174,99.00437803532607,1
1174,99.46151203940215,1
1174,99.91089800951086,1
1174,100.2285674021739,1
1174,100.53074072690215,1
1174,100.5849769646739,1
1174,100.60822106657606,1
1174,100.48425252309781,1
1174,100.29055167391303,1
1174,100.15883509646737,1
1174,100.01162245108694,1
1174,99.89540194157607,1
1174,99.74818929619563,1
1174,99.53899237907608,1
1174,99.35303956385869,1
1174,99.09735444293477,1
1174,98.92689769565216,1
1174,98.74094488043477,1
1174,98.70220471059781,1
1174,98.6247243709239,1
1174,98.45426762364129,1
1174,98.4465195896739,1
1174,98.40003138586955,1
1174,98.31480301222824,1
1174,98.33804711413042,1
1174,98.23732267255433,1
1174,98.20633053668476,1
1174,98.14434626494564,1
1174,98.01262968749998,1
1174,97.97388951766303,1
1174,97.93514934782607,1
1174,97.84217294021738,1
1174,97.84217294021738,1
1174,97.74919653260868,1
1174,97.74144849864129,1
1174,97.7337004646739,1
1174,97.7337004646739,1
1174,97.77244063451086,1
1174,97.7337004646739,1
1174,97.7259524307065,1
1174,97.6407240570652,1
1174,97.61747995516303,1
1174,97.61747995516303,1
1174,97.67171619293477,1
1174,97.67171619293477,1
1174,97.53225158152172,1
1174,97.49351141168476,1
1174,97.56324371739129,1
1174,97.5554956834239,1
1174,97.53999961548911,1
1174,97.50900747961956,1
1174,97.52450354755433,1
1174,97.48576337771738,1
1174,97.48576337771738,1
1174,97.54774764945651,1
1174,97.60198388722824,1
1174,97.6407240570652,1
1174,97.77244063451086,1
1174,97.77244063451086,1
1174,97.79568473641302,1
1174,97.74144849864129,1
1174,97.66396815896738,1
1174,97.65622012499999,1
1174,97.78018866847825,1
1174,97.69496029483695,1
1174,97.74144849864129,1
1174,97.68721226086954,1
1174,97.6407240570652,1
1174,97.64847209103259,1
1174,97.66396815896738,1
1174,97.60973192119563,1
1174,97.54774764945651,1
1174,97.53999961548911,1
1174,97.60973192119563,1
1174,97.5554956834239,1
1174,97.56324371739129,1
1174,97.56324371739129,1
1174,97.58648781929347,1
1174,97.52450354755433,1
1174,97.56324371739129,1
1174,97.56324371739129,1
1174,97.60973192119563,1
1174,97.54774764945651,1
1174,97.50125944565215,1
1174,97.51675551358694,1
1174,97.53999961548911,1
1174,97.52450354755433,1
1174,97.4702673097826,1
1175,97.51675551358694,1
1175,97.47801534374999,1
1175,97.57099175135868,1
1175,97.44702320788042,1
1175,97.39278697010867,1
1175,97.41603107201085,1
1176,97.60198388722824,1
1176,97.92740131385868,1
1176,98.22957463858694,1
1176,98.54724403124999,1
1176,98.90365359374998,1
1176,99.2523151222826,1
1176,99.53899237907608,1
1176,99.77143339809781,1
1176,99.96513424728259,1
1176,100.01937048505434,1
1176,100.08135475679346,1
1176,100.09685082472825,1
1176,100.1278429605978,1
1176,100.06585868885868,1
1176,99.94189014538041,1
1176,99.89540194157607,1
1176,99.81792160190216,1
1176,99.74818929619563,1
1176,99.74044126222825,1
1176,99.65521288858695,1
1176,99.53899237907608,1
1176,99.46926007336955,1
1176,99.37628366576085,1
1176,99.2523151222826,1
1176,99.17483478260868,1
1176,99.14384264673912,1
1176,99.08960640896737,1
1176,99.04311820516303,1
1176,99.05086623913041,1
1176,99.02762213722825,1
1176,98.87266145788043,1
1176,98.84166932201086,1
1176,98.81067718614129,1
1176,98.77968505027172,1
1176,98.66346454076086,1
1176,98.60148026902172,1
1176,98.61697633695651,1
1176,98.57048813315215,1
1176,98.47751172554347,1
1176,98.38453531793476,1
1176,98.3535431820652,1
1176,98.30705497826085,1
1176,98.27606284239128,1
1176,98.2605667744565,1
1176,98.22182660461955,1
1176,98.22182660461955,1
1176,98.15209429891303,1
1176,98.15984233288042,1
1176,98.22182660461955,1
1176,98.23732267255433,1
1176,98.1830864347826,1
1176,98.15984233288042,1
1176,98.24507070652173,1
1176,98.23732267255433,1
1176,98.20633053668476,1
1176,98.13659823097825,1
1176,98.12110216304346,1
1176,98.09011002717389,1
1176,98.0978580611413,1
1176,97.98938558559782,1
1176,98.01262968749998,1
1176,98.03587378940216,1
1176,98.04362182336955,1
1176,97.93514934782607,1
1176,97.95064541576086,1
1176,97.92740131385868,1
1176,97.95839344972825,1
1176,97.98938558559782,1
1176,98.02037772146737,1
1176,97.97388951766303,1
1176,97.92740131385868,1
1176,97.9041572119565,1
1176,97.9041572119565,1
1176,97.9041572119565,1
1176,97.94289738179346,1
1176,97.9971336195652,1
1176,97.92740131385868,1
1176,97.88866114402173,1
1176,97.86541704211955,1
1176,97.78018866847825,1
1176,97.74919653260868,1
1176,97.7337004646739,1
1176,97.79568473641302,1
1176,97.88866114402173,1
1176,97.82667687228259,1
1176,97.78018866847825,1
1176,97.76469260054347,1
1176,97.74144849864129,1
1176,97.68721226086954,1
1176,97.7337004646739,1
1176,97.70270832880433,1
1176,97.81118080434781,1
1176,97.79568473641302,1
1176,97.8189288383152,1
1176,97.86541704211955,1
1176,97.82667687228259,1
1176,97.84217294021738,1
1176,97.8189288383152,1
1176,97.7259524307065,1
1176,97.78018866847825,1
1176,97.88866114402173,1
1176,97.9041572119565,1
1176,97.80343277038043,1
1176,97.71820439673911,1
1176,97.80343277038043,1
1176,97.76469260054347,1
1176,97.71045636277172,1
1176,97.67171619293477,1
1176,97.5554956834239,1
1176,97.57873978532608,1
1176,97.60973192119563,1
1176,97.60973192119563,1
1176,97.61747995516303,1
1176,97.60973192119563,1
1176,97.65622012499999,1
1176,97.74919653260868,1
1176,97.75694456657607,1
1176,97.68721226086954,1
1176,97.6407240570652,1
1176,97.60198388722824,1
1176,97.57873978532608,1
1176,97.54774764945651,1
1176,97.52450354755433,1
1176,97.4702673097826,1
1176,97.53999961548911,1
1176,97.59423585326086,1
1176,97.50900747961956,1
1176,97.56324371739129,1
1176,97.7337004646739,1
1176,97.98938558559782,1
1176,98.2683148084239,1
1176,98.47751172554347,1
1176,98.7099527445652,1
1176,98.98113393342389,1
1176,99.26781119021737,1
1176,99.50800024320651,1
1176,99.68620502445651,1
1176,99.85666177173911,1
1176,99.92639407744564,1
1176,99.92639407744564,1
1176,99.90314997554346,1
1176,99.94189014538041,1
1176,99.9573862133152,1
1176,99.94963817934782,1
1176,99.7791814320652,1
1176,99.68620502445651,1
1176,99.64746485461954,1
1176,99.50800024320651,1
1176,99.37628366576085,1
1176,99.32204742798912,1
1176,99.2368190543478,1
1176,99.20582691847825,1
1176,99.12059854483694,1
1176,98.9733858994565,1
1176,98.8881575258152,1
1176,98.81067718614129,1
1176,98.77193701630434,1
1176,98.73319684646738,1
1176,98.66346454076086,1
1176,98.72544881249999,1
1176,98.65571650679347,1
1176,98.48525975951085,1
1176,98.52399992934781,1
1176,98.46976369157608,1
1176,98.51625189538042,1
1176,98.38453531793476,1
1176,98.32255104619564,1
1176,98.29930694429346,1
1176,98.29930694429346,1
1176,98.2683148084239,1
1176,98.23732267255433,1
1176,98.20633053668476,1
1176,98.13659823097825,1
1176,97.98938558559782,1
1176,98.11335412907607,1
1176,98.0978580611413,1
1176,98.0978580611413,1
1176,98.10560609510868,1
1176,98.06686592527173,1
1176,97.94289738179346,1
1176,97.9971336195652,1
1176,97.95839344972825,1
1176,97.84992097418477,1
1176,97.78018866847825,1
1176,97.8189288383152,1
1176,97.80343277038043,1
1176,97.76469260054347,1
1176,97.69496029483695,1
1176,97.68721226086954,1
1176,97.71045636277172,1
1176,97.7259524307065,1
1176,97.65622012499999,1
1176,97.58648781929347,1
1176,97.62522798913042,1
1176,97.65622012499999,1
1176,97.5554956834239,1
1176,97.50125944565215,1
1176,97.58648781929347,1
1176,97.53225158152172,1
1176,97.52450354755433,1
1176,97.53999961548911,1
1176,97.66396815896738,1
1176,97.61747995516303,1
1176,97.52450354755433,1
1176,97.48576337771738,1
1176,97.48576337771738,1
1176,97.4702673097826,1
1177,97.42377910597824,1
1177,97.4625192758152,1
1177,97.57099175135868,1
1177,97.57873978532608,1
1177,97.57099175135868,1
1177,97.64847209103259,1
1177,97.83442490624998,1
1177,98.06686592527173,1
1177,98.29155891032607,1
1177,98.52399992934781,1
1177,98.8029291521739,1
1177,99.04311820516303,1
1177,99.19807888451085,1
1177,99.39177973369564,1
1177,99.39177973369564,1
1177,99.53899237907608,1
1177,99.58548058288042,1
1177,99.46151203940215,1
1177,99.47700810733694,1
1177,99.48475614130433,1
1177,99.45376400543476,1
1177,99.29105529211955,1
1177,99.09735444293477,1
1177,99.00437803532607,1
1177,98.89590555978259,1
1177,98.83392128804346,1
1177,98.74869291440216,1
1177,98.64796847282607,1
1177,98.60148026902172,1
1177,98.49300779347824,1
1177,98.42327548777172,1
1177,98.38453531793476,1
1177,98.33029908016303,1
1177,98.21407857065216,1
1177,98.24507070652173,1
1177,98.1830864347826,1
1177,98.10560609510868,1
1177,98.02037772146737,1
1177,97.87316507608693,1
1177,97.79568473641302,1
1177,97.71820439673911,1
1177,97.67946422690216,1
1177,97.75694456657607,1
1177,97.84992097418477,1
1177,97.83442490624998,1
1177,97.81118080434781,1
1177,97.70270832880433,1
1177,97.64847209103259,1
1177,97.56324371739129,1
1177,97.5554956834239,1
1177,97.53999961548911,1
1177,97.43927517391303,1
1177,97.43152713994564,1
1177,97.4702673097826,1
1178,97.53999961548911,1
1178,97.53999961548911,1
1178,97.58648781929347,1
1178,97.5554956834239,1
1178,97.5554956834239,1
1178,97.54774764945651,1
1178,97.4625192758152,1
1178,97.40828303804346,1
1178,97.35404680027172,1
1178,97.44702320788042,1
1179,97.61747995516303,1
1179,97.9041572119565,1
1179,98.11335412907607,1
1179,98.29155891032607,1
1179,98.4465195896739,1
1179,98.68670864266302,1
1179,99.02762213722825,1
1179,99.35303956385869,1
1179,99.4305199035326,1
1179,99.59322861684781,1
1179,99.70170109239129,1
1179,99.58548058288042,1
1179,99.6009766508152,1
1179,99.49250417527172,1
1179,99.31429939402172,1
1179,99.1515906807065,1
1179,99.12834657880433,1
1179,99.00437803532607,1
1179,98.83392128804346,1
1179,98.65571650679347,1
1179,98.50075582744563,1
1179,98.43102352173912,1
1179,98.3457951480978,1
1179,98.28381087635869,1
1179,98.20633053668476,1
1179,98.1830864347826,1
1179,98.0978580611413,1
1179,97.9971336195652,1
1179,97.91965327989129,1
1179,97.94289738179346,1
1179,97.94289738179346,1
1179,97.9041572119565,1
1179,97.8189288383152,1
1179,97.85766900815216,1
1179,97.84217294021738,1
1179,97.69496029483695,1
1179,97.6407240570652,1
1179,97.62522798913042,1
1179,97.57099175135868,1
1179,97.57099175135868,1
1179,97.45477124184781,1
1179,97.36179483423912,1
1179,97.35404680027172,1
1179,97.16034595108694,1
1180,97.23782629076085,1
1180,97.48576337771738,1
1180,97.78018866847825,1
1180,97.96614148369564,1
1180,98.37678728396737,1
1180,98.87266145788043,1
1180,99.41502383559781,1
1180,99.79467749999998,1
1180,100.09685082472825,1
1180,100.32929184374998,1
1180,100.38352808152172,1
1180,100.21307133423912,1
1180,99.9573862133152,1
1180,99.79467749999998,1
1180,99.63971682065215,1
1180,99.46926007336955,1
1180,99.26781119021737,1
1180,99.09735444293477,1
1180,98.84941735597825,1
1180,98.73319684646738,1
1180,98.60922830298911,1
1180,98.42327548777172,1
1180,98.36903924999999,1
1180,98.3457951480978,1
1180,98.11335412907607,1
1180,98.04362182336955,1
1180,98.00488165353259,1
1180,97.93514934782607,1
1180,97.78793670244563,1
1180,97.69496029483695,1
1180,97.56324371739129,1
1180,97.4702673097826,1
1180,97.48576337771738,1
1181,97.43927517391303,1
1181,97.4625192758152,1
1181,97.36179483423912,1
1181,97.1913380869565,2
1181,97.20683415489128,2
1181,97.35404680027172,2
1179,97.7337004646739,2
1178,98.07461395923912,2
1176,98.28381087635869,2
1175,98.47751172554347,2
1174,98.55499206521738,2
1172,98.14434626494564,2
1171,97.1138577472826,2
1169,95.45577847826085,2
1168,93.56525819021738,2
1167,91.15561962635869,2
1165,88.49029594157608,2
1164,85.46081466032608,2
1162,82.5862940584239,2
1161,80.78875017798912,2
1160,79.83574199999998,2
1158,79.0996787730978,2
1157,78.31712734239129,2
1155,77.84449727038042,2
1154,77.62755231929347,2
1153,77.20915848505433,2
1151,76.7055362771739,2
1150,76.41885902038042,2
1148,76.34137868070651,2
1147,76.18641800135869,2
1146,75.93073288043477,2
1144,75.52008708016304,2
1143,75.33413426494565,2
1141,75.32638623097824,2
1140,75.23340982336956,2
1139,75.04745700815216,2
1137,74.76077975135868,2
1136,74.45860642663042,2
1134,74.39662215489129,2
1133,74.3036457472826,2
1132,74.23391344157608,2
1130,74.24166147554347,2
1129,74.04796062635869,2
1127,73.80002353940216,2
1126,73.73803926766303,2
1124,73.73029123369564,2
1123,73.64506286005434,2
1122,73.5830785883152,2
1120,73.36613363722824,2
1119,73.1414406521739,2
1117,73.17243278804347,2
1116,73.1414406521739,2
1115,73.06396031249999,2
1113,72.84701536141303,2
1112,72.54484203668477,2
1110,72.38988135733695,2
1109,72.37438528940216,2
1108,72.26591281385869,2
1106,72.18068444021738,2
1105,71.99473162499999,2
1103,71.7158024021739,2
1102,71.66931419836955,2
1101,71.6228259945652,2
1099,71.47561334918477,2
1098,71.34389677173913,2
1096,71.13469985461956,2
1095,70.97199114130434,2
1094,70.91000686956521,2
1092,70.82477849592391,2
1091,70.77054225815216,2
1089,70.63107764673912,2
1088,70.39863662771738,2
1087,70.25142398233695,2
1085,70.30566022010868,2
1084,70.30566022010868,2
1082,70.25142398233695,2
1081,70.0267309972826,2
1080,69.70906160461955,2
1078,69.6625734008152,2
1077,69.69356553668477,2
1075,69.50761272146738,2
1074,69.36040007608695,2
1072,69.1357070910326,2
1071,68.91876213994564,2
1070,68.90326607201087,2
1068,68.90326607201087,2
1067,68.74830539266303,2
1065,68.60884078125,2
1064,68.26017925271738,2
1063,68.12071464130433,2
1061,68.10521857336956,2
1060,68.01224216576085,2
1058,67.91151772418478,2
1057,67.64033653532607,2
1056,67.37690338043477,2
1054,67.3536592785326,2
1053,67.33041517663042,2
1051,67.21419466711956,2
1050,67.21419466711956,2
1049,66.96625758016303,2
1047,66.74931262907607,2
1046,66.70282442527173,2
1044,66.6330921195652,2
1043,66.50137554211956,2
1042,66.35416289673913,2
1040,66.0132494021739,2
1039,65.7498162472826,2
1037,65.7420682133152,2
1036,65.69558000951086,2
1035,65.64134377173912,2
1033,65.43214685461956,2
1032,65.11447746195651,2
1030,65.05249319021738,2
1029,65.02150105434782,2
1028,64.9517687486413,2
1026,64.8587923410326,2
1025,64.56436705027173,2
1023,64.22345355570651,2
1022,64.16921731793477,2
1021,64.20020945380433,2
1019,64.0529968084239,2
1018,63.92128023097825,2
1016,63.72757938179347,2
1015,63.54162656657608,2
1013,63.53387853260868,2
1012,63.464146226902166,2
1011,63.30143751358695,2
1009,63.18521700407608,2
1008,62.86754761141303,2
1006,62.75907513586956,2
1005,62.75132710190216,2
1004,62.65060266032608,2
1002,62.65835069429347,2
1001,62.41041360733695,2
999,62.09274421467391,2
998,62.10824028260868,2
997,62.03075994293477,2
995,61.96102763722825,2
994,61.89129533152173,2
992,61.65885431249999,2
991,61.41091722554347,2
990,61.35668098777173,2
988,61.271452614130425,2
987,61.10099586684782,2
985,60.95378322146738,2
984,60.628365794836945,2
983,60.442412979619554,2
981,60.442412979619554,2
980,60.34168853804347,2
978,60.302948368206515,2
977,60.10924751902173,2
976,59.81482222826086,2
974,59.7838300923913,2
973,59.75283795652173,2
971,59.63661744701086,2
970,59.54364103940217,2
969,59.28020788451086,2
967,58.962538491847816,2
966,58.98578259374999,2
964,58.95479045788043,2
963,58.7998297785326,2
961,58.73784550679347,2
960,58.50540448777173,2
959,58.373687910326076,2
957,58.35819184239129,2
956,58.27296346874999,2
954,58.19548312907608,2
953,58.079262619565206,2
952,57.73834912499999,2
950,57.53690024184782,2
949,57.513656139945645,2
947,57.39743563043477,2
946,57.304459222826075,2
945,56.979041796195645,2
943,56.793088980978254,2
942,56.7466007771739,2
940,56.72335667527173,2
939,56.59938813179347,2
938,56.583892063858684,2
936,56.335954976902165,2
935,56.13450609374999,2
933,56.1267580597826,2
932,55.995041482336944,2
931,55.87107293885869,2
929,55.72386029347825,2
928,55.44493107065217,2
926,55.266726289402165,2
925,55.258978255434776,2
924,55.212490051630425,2
922,55.1505057798913,2
921,54.92581279483695,2
919,54.63138750407608,2
918,54.63913553804347,2
917,54.6081434021739,2
915,54.50741896059782,2
914,54.484174858695646,2
912,54.18200153396738,2
911,53.88757624320651,2
910,53.83334000543477,2
908,53.78685180163043,2
907,53.75585966576086,2
905,53.53891471467391,2
904,53.29097762771738,2
902,53.252237457880426,2
901,53.26773352581521,2
900,53.19800122010869,2
898,53.11277284646738,2
897,52.89582789538043,2
895,52.60915063858695,2
894,52.531670298913035,2
893,52.50067816304347,2
891,52.43094585733695,2
890,52.35346551766303,2
888,52.051292192934774,2
887,51.811103139945644,2
886,51.79560707201086,2
884,51.79560707201086,2
883,51.60965425679347,2
881,51.508929815217385,2
880,51.19900845652173,2
879,51.01305564130434,2
877,50.96656743749999,2
876,50.927827267663034,2
874,50.819354792119555,2
873,50.64889804483695,2
872,50.41645702581521,2
870,50.40870899184782,2
869,50.41645702581521,2
867,50.2460002785326,2
866,50.12977976902173,2
865,49.89733874999999,2
863,49.68039379891304,2
862,49.70363790081521,2
860,49.67264576494564,2
859,49.56417328940216,2
858,49.46344884782608,2
856,49.18451962499999,2
855,49.02955894565217,2
853,48.98307074184782,2
852,48.87459826630434,2
850,48.75837775679347,2
849,48.618913145380425,2
848,48.40971622826086,2
846,48.324487854619555,2
845,48.2857476847826,2
843,48.192771277173904,2
842,48.09204683559782,2
841,47.85960581657608,2
839,47.58067659374999,2
838,47.518692322010864,2
836,47.541936423913036,2
835,47.47220411820651,2
834,47.40247181249999,2
832,47.16228275951086,2
831,46.953085842391296,2
829,46.98407797826086,2
828,46.89110157065217,2
827,46.79812516304347,2
825,46.61992038179347,2
824,46.39522739673912,2
822,46.34873919293477,2
821,46.37973132880434,2
820,46.19377851358695,2
818,46.124046207880426,2
817,45.95358946059782,2
815,45.71340040760869,2
814,45.752140577445644,2
813,45.690156305706516,2
811,45.62817203396738,2
810,45.49645545652173,2
808,45.240770335597816,2
807,44.96184111277173,2
806,44.93859701086956,2
804,44.88436077309782,2
803,44.783636331521734,2
801,44.68291188994564,2
800,44.44272283695651,2
799,44.31875429347826,2
797,44.31875429347826,2
796,44.24127395380434,2
794,44.17154164809782,2
793,43.96234473097825,2
791,43.72215567798912,2
790,43.69891157608695,2
789,43.76864388179347,2
787,43.605935168478254,2
786,43.66791944021738,2
784,43.41223431929347,2
783,43.15654919836956,2
782,43.11006099456521,2
780,43.203037402173905,2
779,43.10231296059782,2
777,43.00158851902173,2
776,42.80788766983695,2
775,42.62968288858695,2
773,42.62193485461956,2
772,42.4979663111413,2
770,42.35850169972825,2
769,42.234533156249995,2
768,41.95560393342391,2
766,41.885871627717385,2
765,41.9633519673913,2
763,41.84713145788043,2
762,41.80064325407608,2
761,41.57595026902173,2
759,41.3357612160326,2
758,41.26602891032608,2
756,41.28927301222826,2
755,41.219540706521734,2
754,41.20404463858695,2
752,40.97160361956521,2
751,40.73141456657608,2
749,40.762406702445645,2
748,40.68492636277173,2
747,40.54546175135869,2
745,40.39050107201086,2
744,40.15806005298912,2
742,40.12706791711956,2
741,40.12706791711956,2
740,40.04958757744565,2
738,39.987603305706514,2
737,39.80165049048912,2
735,39.553713403532605,2
734,39.51497323369565,2
732,39.56920947146739,2
731,39.4684850298913,2
730,39.33676845244565,2
728,39.11982350135869,2
727,38.89513051630434,2
725,38.88738248233695,2
724,38.87963444836956,2
723,38.70917770108695,2
721,38.59295719157608,2
720,38.430248478260864,2
718,38.3992563423913,2
717,38.35276813858695,2
716,38.22879959510869,2
714,38.12032711956521,2
713,37.95761840624999,2
711,37.70193328532608,2
710,37.57796474184782,2
709,37.56246867391304,2
707,37.46174423233695,2
706,37.39201192663043,2
704,37.144074839673905,2
703,36.94262595652173,2
702,36.94262595652173,2
700,36.91938185461956,2
699,36.77991724320652,2
697,36.67919280163043,2
696,36.53198015624999,2
695,36.40026357880434,2
693,36.44675178260869,2
692,36.40801161277173,2
690,36.29179110326086,2
689,36.074846152173905,2
688,35.87339726902173,2
686,35.81916103125,2
685,35.71068855570652,2
683,35.57897197826087,2
682,35.49374360461956,2
680,35.25355455163043,2
679,34.98237336277173,2
678,35.02886156657608,2
676,34.98237336277173,2
675,34.89714498913043,2
673,34.76542841168478,2
672,34.571727562499994,2
671,34.39352278124999,2
669,34.31604244157608,2
668,34.25405816983695,2
666,34.137837660326085,2
665,33.99837304891304,2
664,33.75043596195652,2
662,33.66520758831521,2
661,33.634215452445645,2
659,33.53349101086956,2
658,33.53349101086956,2
657,33.363034263586954,2
655,33.200325550271735,2
654,33.153837346467384,2
652,33.099601108695644,2
651,33.02986880298913,2
650,32.99112863315217,2
648,32.743191546195646,2
647,32.46426232336956,2
645,32.479758391304344,2
644,32.40227805163043,2
643,32.30930164402174,2
641,32.1620889986413,2
640,31.852167639945648,2
638,31.76693926630434,2
637,31.79793140217391,2
636,31.704954994565213,2
634,31.596482519021734,2
633,31.39503363586956,2
631,31.21682885461956,2
630,31.21682885461956,2
629,31.240072956521733,2
627,31.147096548913037,2
626,31.069616209239125,2
624,30.782938952445647,2
623,30.565994001358693,2
621,30.61248220516304,2
620,30.5582459673913,2
619,30.44977349184782,2
617,30.33355298233695,2
616,30.108859997282604,2
614,29.946151283967385,2
613,29.984891453804345,2
612,29.938403249999997,2
610,29.806686672554342,2
609,29.628481891304343,2
607,29.349552668478257,2
606,29.264324294836953,2
605,29.24882822690217,2
603,29.14035575135869,2
602,29.01638720788043,2
600,28.83043439266304,2
599,28.59024533967391,2
598,28.64448157744565,2
596,28.652229611413038,2
595,28.59024533967391,2
593,28.48177286413043,2
592,28.218339709239125,2
591,28.016890826086954,2
589,28.00139475815217,2
588,27.970402622282606,2
586,27.94715852038043,2
585,27.82318997690217,2
584,27.5287646861413,2
582,27.46678041440217,2
581,27.46678041440217,2
579,27.404796142663038,2
578,27.311819735054343,2
577,27.06388264809782,2
575,26.87792983288043,2
574,26.93216607065217,2
572,26.947662138586953,2
571,26.846937697010866,2
569,26.6377407798913,2
568,26.4595359986413,2
567,26.265835149456517,2
565,26.312323353260865,2
564,26.27358318342391,2
562,26.242591047554345,2
561,26.180606775815214,2
560,25.955913790760867,2
558,25.86293738315217,2
557,25.808701145380432,2
555,25.69248063586956,2
554,25.584008160326082,2
553,25.382559277173907,2
551,25.13462219021739,2
550,25.126874156249997,2
548,25.235346631793476,2
547,25.08813398641304,2
546,24.91767723913043,2
544,24.700732288043476,2
543,24.538023574728257,2
541,24.530275540760865,2
540,24.576763744565213,2
539,24.44504716711956,2
537,24.30558255570652,2
536,24.104133672554344,2
534,23.972417095108693,2
533,23.925928891304345,2
532,23.809708381793474,2
530,23.66249573641304,2
529,23.554023260869563,2
527,23.329330275815213,2
526,23.2518499361413,2
525,23.2518499361413,2
523,23.19761369836956,2
522,23.158873528532606,2
520,22.941928577445648,2
519,22.833456101902172,2
518,22.81796003396739,2
516,22.802463966032605,2
515,22.632007218749997,2
513,22.53128277717391,2
512,22.329833894021736,2
510,22.12063697690217,2
509,22.12063697690217,2
508,22.05090467119565,2
506,21.957928263586954,2
505,21.86495185597826,2
503,21.671251006793476,2
502,21.59377066711956,2
501,21.6480069048913,2
499,21.500794259510865,2
498,21.446558021739126,2
496,21.252857172554343,2
495,21.05915632336956,2
494,20.98942401766304,2
492,21.066904357336952,2
491,21.020416153532604,2
489,20.888699576086953,2
488,20.64076248913043,2
487,20.462557707880432,2
485,20.447061639945648,2
484,20.45480967391304,2
482,20.33858916440217,2
481,20.183628485054346,2
480,19.943439432065215,2
478,19.842714990489128,2
477,19.896951228260868,2
475,19.8659590923913,2
474,19.6877543111413,2
473,19.548289699728258,2
471,19.3313447486413,2
470,19.31584868070652,2
468,19.346840816576083,2
467,19.238368341032604,2
466,19.137643899456517,2
464,18.928446982336954,2
463,18.796730404891303,2
461,18.773486302989127,2
460,18.750242201086955,2
458,18.626273657608692,2
457,18.502305114130433,2
456,18.401580672554346,2
454,18.215627857336955,2
453,18.20013178940217,2
451,18.13814751766304,2
450,18.029675042119564,2
449,17.83597419293478,2
447,17.673265479619563,2
446,17.58803710597826,2
444,17.60353317391304,2
443,17.502808732336955,2
442,17.386588222826084,2
440,17.18513933967391,2
439,17.022430626358695,2
437,16.991438490489127,2
436,17.030178660326083,2
435,16.89846208288043,2
433,16.76674550543478,2
432,16.557548588315214,2
430,16.379343807065215,2
429,16.379343807065215,2
428,16.325107569293476,2
426,16.23213116168478,2
425,16.038430312499997,2
423,15.836981429347823,2
422,15.87572159918478,2
421,15.953201938858694,2
419,15.867973565217389,2
418,15.705264851902172,2
416,15.565800240489128,2
415,15.45732776494565,2
414,15.418587595108693,2
412,15.441831697010867,2
411,15.317863153532606,2
409,15.22488674592391,2
408,14.961453591032607,2
407,14.79874487771739,2
405,14.783248809782606,2
404,14.790996843749998,2
402,14.659280266304345,2
401,14.488823519021738,2
399,14.318366771739129,2
398,14.240886432065215,2
397,14.20989429619565,2
395,14.116917888586954,2
394,13.961957209239129,2
392,13.830240631793476,2
391,13.628791748641301,2
390,13.582303544836954,2
388,13.55131140896739,2
387,13.49707517119565,2
385,13.380854661684781,2
384,13.171657744565215,2
383,13.032193133152171,2
381,13.086429370923911,2
380,13.07868133695652,2
378,12.939216725543476,2
377,12.776508012228259,2
376,12.621547332880432,2
374,12.536318959239129,2
373,12.528570925271737,2
371,12.451090585597823,2
370,12.342618110054346,2
369,12.226397600543477,2
367,12.032696751358694,2
366,12.024948717391302,2
364,12.055940853260868,2
363,11.962964445652172,2
362,11.877736072010867,2
360,11.65304308695652,2
359,11.405105999999998,2
357,11.443846169836954,2
356,11.41285403396739,2
355,11.319877626358695,2
353,11.126176777173912,2
352,10.93247592798913,2
350,10.901483792119564,2
349,10.87823969021739,2
348,10.793011316576084,2
346,10.754271146739129,2
345,10.552822263586956,2
343,10.359121414402173,2
342,10.28938910869565,2
340,10.312633210597825,2
339,10.297137142663042,2
338,10.149924497282607,2
336,9.917483478260868,2
335,9.731530663043477,2
333,9.723782629076085,2
332,9.716034595108693,2
331,9.669546391304346,2
329,9.553325881793477,2
328,9.289892726902172,2
326,9.189168285326085,2
325,9.204664353260869,2
324,9.212412387228259,2
322,8.956727266304346,2
321,8.832758722826085,2
319,8.62356180570652,2
318,8.608065737771737,2
317,8.708790179347824,2
315,8.654553941576086,2
314,8.484097194293478,2
312,8.38337275271739,2
311,8.174175835597826,2
310,8.02696319021739,2
308,8.011467122282607,2
307,7.941734816576085,2
305,7.933986782608694,2
304,7.794522171195651,2
303,7.484600812499999,2
301,7.523340982336955,2
300,7.507844914402173,2
298,7.407120472826086,2
297,7.352884235054347,2
296,7.042962876358694,2
294,6.926742366847825,2
293,7.07395501222826,2
291,7.004222706521738,2
290,6.89575023097826,2
288,6.686553313858695,2
287,6.42312015896739,2
286,6.384379989130434,2
284,6.438616226902173,2
283,6.353387853260869,2
281,6.306899649456521,2
280,6.066710596467391,2
279,5.904001883152173,2
277,6.035718460597825,2
276,5.996978290760868,2
274,5.896253849184782,2
273,5.772285305706521,2
272,5.508852150815216,2
270,5.524348218749999,2
269,5.594080524456521,2
267,5.53209625271739,2
266,5.454615913043478,2
265,5.268663097826086,2
263,5.082710282608695,2
262,4.989733874999999,2
260,5.0517181467391294,2
259,4.927749603260869,2
258,4.7417967880434775,2
256,4.501607735054347,2
255,4.46286756521739,2
253,4.4396234633152165,2
252,4.393135259510869,2
251,4.307906885869564,2
249,4.152946206521738,2
248,3.966993391304347,2
246,3.8817650176630427,2
245,3.9437492894021733,2
244,3.9514973233695647,2
242,3.912757153532608,2
241,3.7113082703804343,2
239,3.455623149456521,2
238,3.44787511548913,2
237,3.44787511548913,2
235,3.354898707880434,2
234,3.261922300271739,2
232,3.0294812812499994,2
231,2.9442529076086954,2
229,2.91326077173913,2
228,2.8977647038043473,2
227,2.8745206019021734,2
225,2.7583000923913037,2
224,2.4638748016304346,2
222,2.401890529891304,2
221,2.347654292119565,2
220,2.2391818165760866,2
218,2.231433782608695,2
217,2.076473103260869,2
215,1.8517801182065214,2
214,1.7742997785326085,2
213,1.7975438804347823,2
211,1.7510556766304346,2
210,1.6503312350543475,2
208,1.3714020122282606,2
207,1.2396854347826085,2
206,1.2551815027173912,2
204,1.324913808423913,2
203,1.3094177404891303,2
201,1.1389609932065217,2
200,0.8987719402173912,2
199,0.8057955326086955,2
197,0.8755278383152173,2
196,0.8832758722826085,2
194,0.7825514307065217,2
193,0.6275907513586956,2
192,0.4571340040760869,2
190,0.37190563043478253,2
189,0.31766939266304345,2
187,0.2789292228260869,2
186,0.14721264538043477,2
185,-0.061984271739130424,2
183,-0.13171657744565216,2
182,-0.06973230570652172,2
180,0.007748033967391303,2
179,0.046488203804347816,2
178,-0.18595281521739127,2
176,-0.4571340040760869,2
175,-0.5191182758152173,2
173,-0.44163793614130425,2
172,-0.433889902173913,2
170,-0.433889902173913,2
169,-0.5501104116847825,2
168,-0.7438112608695651,2
166,-0.6818269891304347,2
165,-0.4726300720108695,2
163,-0.39514973233695644,2
162,-0.40289776630434776,2
161,-0.46488203804347816,2
159,-0.5423623777173913,2
158,-0.3874016983695652,2
156,-0.2479370869565217,2
155,-0.1937008491847826,2
154,-0.2169449510869565,2
152,-0.40289776630434776,2
151,-0.4571340040760869,2
149,-0.2634331548913043,2
148,-0.046488203804347816,2
147,-0.09297640760869563,2
145,-0.3021733247282608,2
144,-0.4803781059782608,2
142,-0.5888505815217391,2
141,-0.5423623777173913,2
140,-0.37965366440217385,2
138,-0.27118118885869563,2
137,-0.33316546059782604,2
135,-0.511370241847826,2
134,-0.4726300720108695,2
133,-0.20919691711956517,2
131,-0.27118118885869563,2
130,-0.3874016983695652,2
128,-0.4726300720108695,2
127,-0.36415759646739126,2
126,-0.2401890529891304,2
124,-0.18595281521739127,2
123,-0.29442529076086954,2
121,-0.34091349456521736,2
120,-0.4726300720108695,2
118,-0.4106458002717391,2
117,-0.23244101902173908,2
116,-0.13171657744565216,2
114,-0.1937008491847826,2
113,-0.2866772567934782,2
111,-0.40289776630434776,2
110,-0.4106458002717391,2
109,-0.33316546059782604,2
107,-0.29442529076086954,2
106,-0.3099213586956521,2
104,-0.4958741739130434,2
103,-0.5811025475543478,2
102,-0.5501104116847825,2
100,-0.39514973233695644,2
99,-0.42614186820652167,2
97,-0.5578584456521738,2
96,-0.6585828872282607,2
95,-0.6120946834239129,2
93,-0.5811025475543478,2
92,-0.7050710910326086,2
90,-0.7748033967391303,2
89,-0.6818269891304347,2
88,-0.7593073288043477,2
86,-0.867779804347826,2
85,-0.8832758722826085,2
83,-0.8057955326086955,2
82,-0.6663309211956521,2
81,-0.6973230570652172,2
79,-0.7825514307065217,2
78,-0.7825514307065217,2
76,-0.5578584456521738,2
75,-0.46488203804347816,2
74,-0.4803781059782608,2
72,-0.5578584456521738,2
71,-0.5578584456521738,2
69,-0.4571340040760869,2
68,-0.44163793614130425,2
67,-0.4571340040760869,2
65,-0.5423623777173913,2
64,-0.5578584456521738,2
62,-0.5811025475543478,2
61,-0.46488203804347816,2
59,-0.4493859701086956,2
58,-0.3254174266304347,2
57,-0.36415759646739126,2
55,-0.5036222078804347,2
54,-0.42614186820652167,2
52,-0.34091349456521736,2
51,-0.33316546059782604,2
50,-0.4106458002717391,2
48,-0.4803781059782608,2
47,-0.5733545135869564,2
45,-0.5191182758152173,2
44,-0.3874016983695652,2
43,-0.31766939266304345,2
41,-0.3486615285326086,2
40,-0.511370241847826,2
38,-0.6818269891304347,2
37,-0.5036222078804347,2
36,-0.37965366440217385,2
34,-0.2866772567934782,2
33,-0.39514973233695644,2
31,-0.5423623777173913,2
30,-0.48812613994565207,2
29,-0.31766939266304345,2
27,-0.3021733247282608,2
26,-0.5268663097826086,2
24,-0.6353387853260869,2
23,-0.7050710910326086,2
22,-0.5268663097826086,2
20,-0.46488203804347816,2
19,-0.5733545135869564,2
17,-0.5965986154891303,2
16,-0.6585828872282607,2
15,-0.5888505815217391,2
13,-0.5888505815217391,2
12,-0.5423623777173913,2
10,-0.4726300720108695,2
9,-0.4571340040760869,2
7,-0.6818269891304347,2
6,-0.7515592948369564,2
5,-0.5346143437499999,2
3,-0.4493859701086956,2
2,-0.4803781059782608,2
0,-0.6430868192934781,2
0,-0.7360632269021739,3
