Step (steps),Load (N),Stage,Pain threshold (kg)
0,0.015496067934782606,0,100.46875645516303
0,0.015496067934782606,0
1,-0.030992135869565212,0
3,-0.16270871331521736,0
4,-0.35640956249999994,0
5,-0.33316546059782604,0
7,-0.12396854347826085,0
8,-0.007748033967391303,0
10,0.023244101902173908,0
11,0.13946461141304345,0
13,0.5268663097826086,0
14,0.8135435665760868,0
15,0.8212916005434782,0
17,0.3486615285326086,0
18,0.37190563043478253,0
20,0.4726300720108695,0
21,0.39514973233695644,0
22,0.2789292228260869,0
24,0.4571340040760869,0
25,0.3874016983695652,0
27,0.13171657744565216,0
28,-0.07748033967391303,0
29,0.06973230570652172,0
31,0.37190563043478253,0
32,0.13946461141304345,0
34,-0.23244101902173908,0
35,-0.2246929850543478,0
36,-0.11622050951086954,0
38,0.15496067934782606,0
39,0.17820478124999997,0
41,-0.07748033967391303,0
42,-0.18595281521739127,0
43,-0.07748033967391303,0
45,-0.13946461141304345,0
46,-0.08522837364130434,0
48,0.10847247554347825,0
49,0.030992135869565212,0
50,0.061984271739130424,0
52,0.06973230570652172,0
53,0.2246929850543478,0
55,0.5036222078804347,0
56,0.41839383423913035,0
57,0.3021733247282608,0
59,0.2479370869565217,0
60,0.13171657744565216,0
62,0.10072444157608694,0
63,0.34091349456521736,0
65,0.06973230570652172,0
66,-0.2866772567934782,0
67,-0.27118118885869563,0
69,-0.13946461141304345,0
70,0.08522837364130434,0
72,0.09297640760869563,0
73,-0.20919691711956517,0
74,-0.2246929850543478,0
76,-0.15496067934782606,0
77,-0.11622050951086954,0
79,0.18595281521739127,0
80,0.2401890529891304,0
81,-0.054236237771739124,0
83,-0.16270871331521736,0
84,-0.17045674728260868,0
86,0.038740169836956516,0
87,0.4106458002717391,0
88,0.18595281521739127,0
90,-0.023244101902173908,0
91,0.007748033967391303,0
93,0.07748033967391303,0
94,0.20919691711956517,0
95,0.31766939266304345,0
97,0.10072444157608694,0
98,0.015496067934782606,0
100,-0.08522837364130434,0
101,-0.023244101902173908,0
102,0.12396854347826085,0
104,0.15496067934782606,0
105,-0.06973230570652172,0
107,-0.030992135869565212,0
108,-0.10072444157608694,0
109,-0.023244101902173908,0
111,0.20919691711956517,0
112,0.13171657744565216,0
114,-0.030992135869565212,0
115,0.046488203804347816,0
116,0.09297640760869563,0
118,0.20144888315217388,0
119,0.46488203804347816,0
121,0.17045674728260868,0
122,0.023244101902173908,0
124,-0.10072444157608694,0
125,-0.10072444157608694,0
126,0.038740169836956516,0
128,0.09297640760869563,0
129,-0.061984271739130424,0
131,0.0,0
132,-0.07748033967391303,0
133,0.09297640760869563,0
135,0.37965366440217385,0
136,0.31766939266304345,0
138,0.015496067934782606,0
139,-0.007748033967391303,0
140,0.023244101902173908,0
142,0.1937008491847826,0
143,0.36415759646739126,0
145,0.20144888315217388,0
146,0.015496067934782606,0
147,-0.054236237771739124,0
149,-0.007748033967391303,0
150,0.20144888315217388,0
152,0.2866772567934782,0
153,0.08522837364130434,0
154,0.015496067934782606,0
156,-0.030992135869565212,0
157,0.015496067934782606,0
159,0.2401890529891304,0
160,0.36415759646739126,0
161,0.07748033967391303,0
163,-0.061984271739130424,0
164,-0.046488203804347816,0
166,0.15496067934782606,0
167,0.31766939266304345,0
168,0.2169449510869565,0
170,0.0,0
171,-0.07748033967391303,0
173,-0.10072444157608694,0
174,0.10847247554347825,0
176,0.27118118885869563,0
177,0.0,0
178,-0.12396854347826085,0
180,-0.1937008491847826,0
181,-0.061984271739130424,0
183,0.29442529076086954,0
184,0.3021733247282608,0
185,-0.08522837364130434,0
187,-0.18595281521739127,0
188,-0.23244101902173908,0
190,-0.08522837364130434,0
191,0.2169449510869565,0
192,0.14721264538043477,0
194,-0.023244101902173908,0
195,0.038740169836956516,0
197,0.09297640760869563,0
198,0.14721264538043477,0
199,0.2479370869565217,0
201,0.007748033967391303,0
202,-0.038740169836956516,0
204,-0.046488203804347816,0
205,-0.007748033967391303,0
206,0.08522837364130434,0
208,0.10072444157608694,0
209,-0.030992135869565212,0
211,-0.038740169836956516,0
212,-0.061984271739130424,0
213,-0.023244101902173908,0
215,0.20919691711956517,0
216,0.023244101902173908,0
218,-0.09297640760869563,0
219,-0.046488203804347816,0
220,-0.038740169836956516,0
222,0.10847247554347825,0
223,0.1937008491847826,0
225,-0.13171657744565216,0
226,-0.13171657744565216,0
228,-0.007748033967391303,0
229,0.015496067934782606,0
230,0.17820478124999997,0
232,0.20919691711956517,0
233,-0.030992135869565212,0
235,0.007748033967391303,0
236,-0.030992135869565212,0
237,0.08522837364130434,0
239,0.17820478124999997,0
240,0.07748033967391303,0
242,-0.09297640760869563,0
243,-0.007748033967391303,0
244,-0.023244101902173908,0
246,0.007748033967391303,0
247,0.061984271739130424,0
249,-0.054236237771739124,0
250,-0.13171657744565216,0
251,-0.18595281521739127,0
253,-0.12396854347826085,0
254,0.11622050951086954,0
256,0.2634331548913043,0
257,-0.08522837364130434,0
258,-0.17820478124999997,0
260,-0.16270871331521736,0
261,-0.08522837364130434,0
263,0.2401890529891304,0
264,0.1937008491847826,0
265,-0.10072444157608694,0
267,-0.17045674728260868,0
268,-0.17045674728260868,0
270,-0.061984271739130424,0
271,0.13946461141304345,0
272,0.09297640760869563,0
274,-0.054236237771739124,0
275,-0.10847247554347825,0
277,-0.11622050951086954,0
278,0.061984271739130424,0
279,0.255685120923913,0
281,-0.046488203804347816,0
282,-0.08522837364130434,0
284,-0.09297640760869563,0
285,-0.06973230570652172,0
287,0.13946461141304345,0
288,0.15496067934782606,0
289,-0.15496067934782606,0
291,-0.16270871331521736,0
292,-0.17045674728260868,0
294,-0.015496067934782606,0
295,0.1937008491847826,0
296,-0.015496067934782606,0
298,-0.14721264538043477,0
299,-0.15496067934782606,0
301,-0.18595281521739127,0
302,-0.09297640760869563,0
303,0.007748033967391303,0
305,-0.14721264538043477,0
306,-0.29442529076086954,0
308,-0.255685120923913,0
309,-0.10072444157608694,0
310,0.17045674728260868,0
312,0.17820478124999997,0
313,-0.061984271739130424,0
315,-0.061984271739130424,0
316,-0.023244101902173908,0
317,0.10847247554347825,0
319,0.2789292228260869,0
320,0.17820478124999997,0
322,-0.038740169836956516,0
323,-0.07748033967391303,0
324,-0.15496067934782606,0
326,-0.061984271739130424,0
327,0.11622050951086954,0
329,-0.046488203804347816,0
330,-0.14721264538043477,0
331,-0.16270871331521736,0
333,-0.11622050951086954,0
334,0.06973230570652172,0
336,0.2479370869565217,0
337,0.015496067934782606,0
339,-0.08522837364130434,0
340,-0.07748033967391303,0
341,0.08522837364130434,0
343,0.37190563043478253,0
344,0.255685120923913,0
346,0.0,0
347,-0.054236237771739124,0
348,-0.06973230570652172,0
350,0.015496067934782606,0
351,0.2479370869565217,0
353,-0.061984271739130424,0
354,-0.2866772567934782,0
355,-0.20144888315217388,0
357,-0.023244101902173908,0
358,0.17045674728260868,0
360,0.3254174266304347,0
361,0.17820478124999997,0
362,0.10072444157608694,0
364,0.030992135869565212,0
365,0.10072444157608694,0
367,0.2479370869565217,0
368,0.2789292228260869,0
369,0.0,0
371,0.054236237771739124,0
372,0.030992135869565212,0
374,0.10072444157608694,0
375,0.2789292228260869,0
376,0.12396854347826085,0
378,-0.14721264538043477,0
379,-0.14721264538043477,0
381,-0.06973230570652172,0
382,0.10847247554347825,0
383,0.2479370869565217,0
385,0.007748033967391303,0
386,-0.08522837364130434,0
388,-0.061984271739130424,0
389,0.023244101902173908,0
391,0.2789292228260869,0
392,0.37190563043478253,0
393,0.061984271739130424,0
395,-0.038740169836956516,0
396,-0.015496067934782606,0
398,0.023244101902173908,0
399,0.2634331548913043,0
400,0.17045674728260868,0
402,-0.11622050951086954,0
403,-0.18595281521739127,0
405,-0.14721264538043477,0
406,0.023244101902173908,0
407,0.23244101902173908,0
409,0.023244101902173908,0
410,-0.09297640760869563,0
412,-0.08522837364130434,0
413,0.0,0
414,0.2246929850543478,0
416,0.40289776630434776,0
417,0.09297640760869563,0
419,-0.015496067934782606,0
420,0.007748033967391303,0
421,0.054236237771739124,0
423,0.2246929850543478,0
424,0.13171657744565216,0
426,-0.11622050951086954,0
427,-0.11622050951086954,0
428,-0.09297640760869563,0
430,0.046488203804347816,0
431,0.23244101902173908,0
433,0.13946461141304345,0
434,-0.015496067934782606,0
435,-0.12396854347826085,0
437,-0.061984271739130424,0
438,0.14721264538043477,0
440,0.3099213586956521,0
441,0.10847247554347825,0
442,0.007748033967391303,0
444,-0.015496067934782606,0
445,0.06973230570652172,0
447,0.29442529076086954,0
448,0.13946461141304345,0
450,0.0,0
451,-0.06973230570652172,0
452,0.007748033967391303,0
454,0.23244101902173908,0
455,0.2789292228260869,0
457,0.030992135869565212,0
458,-0.10847247554347825,0
459,-0.16270871331521736,0
461,-0.13946461141304345,0
462,0.046488203804347816,0
464,0.17820478124999997,0
465,-0.11622050951086954,0
466,-0.20919691711956517,0
468,-0.27118118885869563,0
469,-0.2246929850543478,0
471,0.0,0
472,0.09297640760869563,0
473,-0.08522837364130434,0
475,-0.1937008491847826,0
476,-0.17045674728260868,0
478,0.046488203804347816,0
479,0.17820478124999997,0
480,-0.030992135869565212,0
482,-0.15496067934782606,0
483,-0.18595281521739127,0
485,-0.20144888315217388,0
486,-0.12396854347826085,0
487,0.007748033967391303,0
489,-0.20144888315217388,0
490,-0.2866772567934782,0
492,-0.2866772567934782,0
493,-0.10072444157608694,0
494,0.17820478124999997,0
496,0.27118118885869563,0
497,-0.054236237771739124,0
499,-0.061984271739130424,0
500,-0.12396854347826085,0
502,0.030992135869565212,0
503,0.27118118885869563,0
504,0.20919691711956517,0
506,0.015496067934782606,0
507,-0.023244101902173908,0
509,-0.08522837364130434,0
510,0.015496067934782606,0
511,0.17045674728260868,0
513,-0.015496067934782606,0
514,-0.16270871331521736,0
516,-0.14721264538043477,0
517,-0.07748033967391303,0
518,0.10072444157608694,0
520,0.23244101902173908,0
521,0.038740169836956516,0
523,0.030992135869565212,0
524,-0.023244101902173908,0
525,0.038740169836956516,0
527,0.2246929850543478,0
528,0.15496067934782606,0
530,-0.10847247554347825,0
531,-0.23244101902173908,0
532,-0.13946461141304345,0
534,0.07748033967391303,0
535,0.2866772567934782,0
537,0.015496067934782606,0
538,-0.1937008491847826,0
539,-0.2789292228260869,0
541,-0.3021733247282608,0
542,-0.08522837364130434,0
544,0.061984271739130424,0
545,-0.14721264538043477,0
546,-0.14721264538043477,0
548,-0.10072444157608694,0
549,-0.023244101902173908,0
551,0.23244101902173908,0
552,0.17820478124999997,0
554,-0.046488203804347816,0
555,-0.07748033967391303,0
556,-0.046488203804347816,0
558,0.13171657744565216,0
559,0.2479370869565217,0
561,0.0,0
562,-0.10847247554347825,0
563,-0.10072444157608694,0
565,-0.061984271739130424,0
566,0.09297640760869563,0
568,0.2169449510869565,0
569,0.023244101902173908,0
570,-0.09297640760869563,0
572,-0.14721264538043477,0
573,-0.06973230570652172,0
575,0.18595281521739127,0
576,0.17820478124999997,0
577,-0.06973230570652172,0
579,-0.12396854347826085,0
580,-0.20919691711956517,0
582,0.007748033967391303,0
583,0.18595281521739127,0
584,0.06973230570652172,0
586,-0.11622050951086954,0
587,-0.20144888315217388,0
589,-0.13946461141304345,0
590,0.10072444157608694,0
591,0.2169449510869565,0
593,-0.023244101902173908,0
594,-0.08522837364130434,0
596,-0.07748033967391303,0
597,-0.054236237771739124,0
598,0.13946461141304345,0
600,0.17045674728260868,0
601,-0.054236237771739124,0
603,-0.09297640760869563,0
604,-0.12396854347826085,0
605,-0.061984271739130424,0
607,0.2169449510869565,0
608,0.13946461141304345,0
610,-0.061984271739130424,0
611,-0.18595281521739127,0
613,-0.23244101902173908,0
614,0.007748033967391303,0
615,0.27118118885869563,0
617,-0.023244101902173908,0
618,-0.061984271739130424,0
620,-0.09297640760869563,0
621,-0.054236237771739124,0
622,0.17045674728260868,0
624,0.18595281521739127,0
625,-0.16270871331521736,0
627,-0.2401890529891304,0
628,-0.2401890529891304,0
629,-0.14721264538043477,0
631,0.15496067934782606,0
632,0.17820478124999997,0
634,-0.06973230570652172,0
635,-0.16270871331521736,0
636,-0.23244101902173908,0
638,0.030992135869565212,0
639,0.2866772567934782,0
641,0.046488203804347816,0
642,-0.2246929850543478,0
643,-0.255685120923913,0
645,-0.17820478124999997,0
646,0.054236237771739124,0
648,0.12396854347826085,0
649,-0.13171657744565216,0
650,-0.20144888315217388,0
652,-0.23244101902173908,0
653,-0.15496067934782606,0
655,0.14721264538043477,0
656,0.18595281521739127,0
657,-0.046488203804347816,0
659,-0.13946461141304345,0
660,-0.1937008491847826,0
662,-0.038740169836956516,0
663,0.13946461141304345,0
665,-0.054236237771739124,0
666,-0.2479370869565217,0
667,-0.23244101902173908,0
669,-0.10847247554347825,0
670,0.11622050951086954,0
672,0.2401890529891304,0
673,-0.030992135869565212,0
674,-0.046488203804347816,0
676,-0.07748033967391303,0
677,-0.11622050951086954,0
679,0.007748033967391303,0
680,0.046488203804347816,0
681,-0.3254174266304347,0
683,-0.3021733247282608,0
684,-0.3099213586956521,0
686,-0.12396854347826085,0
687,0.13946461141304345,0
688,0.0,0
690,-0.255685120923913,0
691,-0.2401890529891304,0
693,-0.2169449510869565,0
694,0.046488203804347816,0
695,0.18595281521739127,0
697,-0.08522837364130434,0
698,-0.2246929850543478,0
700,-0.20144888315217388,0
701,-0.23244101902173908,0
702,0.007748033967391303,0
704,0.12396854347826085,0
705,-0.10847247554347825,0
707,-0.14721264538043477,0
708,-0.1937008491847826,0
709,-0.11622050951086954,0
711,0.15496067934782606,0
712,0.046488203804347816,0
714,-0.20144888315217388,0
715,-0.255685120923913,0
717,-0.17820478124999997,0
718,0.038740169836956516,0
719,0.16270871331521736,0
721,-0.06973230570652172,0
722,-0.17045674728260868,0
724,-0.23244101902173908,0
725,-0.17820478124999997,0
726,0.09297640760869563,0
728,0.17045674728260868,0
729,-0.14721264538043477,0
731,-0.20919691711956517,0
732,-0.2634331548913043,0
733,-0.08522837364130434,0
735,0.13171657744565216,0
736,-0.007748033967391303,0
738,-0.20144888315217388,0
739,-0.17045674728260868,0
740,-0.10072444157608694,0
742,0.015496067934782606,0
743,0.15496067934782606,0
745,-0.046488203804347816,0
746,-0.12396854347826085,0
747,-0.10072444157608694,0
749,-0.023244101902173908,0
750,0.2169449510869565,0
752,0.33316546059782604,0
753,-0.015496067934782606,0
754,-0.08522837364130434,0
756,-0.10072444157608694,0
757,0.0,0
759,0.27118118885869563,0
760,0.17820478124999997,0
761,-0.14721264538043477,0
763,-0.17045674728260868,0
764,-0.13171657744565216,0
766,-0.030992135869565212,0
767,0.20919691711956517,0
768,0.10072444157608694,0
770,-0.14721264538043477,0
771,-0.2169449510869565,0
773,-0.12396854347826085,0
774,0.06973230570652172,0
776,0.2866772567934782,0
777,-0.007748033967391303,0
778,-0.14721264538043477,0
780,-0.10072444157608694,0
781,0.046488203804347816,0
783,0.1937008491847826,0
784,0.18595281521739127,0
785,-0.14721264538043477,0
787,-0.11622050951086954,0
788,-0.13171657744565216,0
790,-0.038740169836956516,0
791,0.16270871331521736,0
792,0.16270871331521736,0
794,-0.023244101902173908,0
795,-0.061984271739130424,0
797,-0.030992135869565212,0
798,0.20144888315217388,0
799,0.3874016983695652,0
801,0.06973230570652172,0
802,-0.14721264538043477,0
804,-0.18595281521739127,0
805,-0.06973230570652172,0
806,0.09297640760869563,0
808,0.2789292228260869,0
809,-0.07748033967391303,0
811,-0.10847247554347825,0
812,-0.12396854347826085,0
813,-0.015496067934782606,0
815,0.23244101902173908,0
816,0.14721264538043477,0
818,-0.17045674728260868,0
819,-0.29442529076086954,0
820,-0.23244101902173908,0
822,-0.06973230570652172,0
823,0.11622050951086954,0
825,-0.030992135869565212,0
826,-0.16270871331521736,0
828,-0.15496067934782606,0
829,-0.09297640760869563,0
830,0.08522837364130434,0
832,0.13946461141304345,0
833,-0.10072444157608694,0
835,-0.17820478124999997,0
836,-0.15496067934782606,0
837,-0.046488203804347816,0
839,0.13946461141304345,0
840,0.09297640760869563,0
842,-0.16270871331521736,0
843,-0.1937008491847826,0
844,-0.18595281521739127,0
846,-0.038740169836956516,0
847,0.11622050951086954,0
849,-0.061984271739130424,0
850,-0.2169449510869565,0
851,-0.2246929850543478,0
853,-0.17045674728260868,0
854,0.054236237771739124,0
856,0.1937008491847826,0
857,-0.030992135869565212,0
858,-0.17045674728260868,0
860,-0.23244101902173908,0
861,-0.10072444157608694,0
863,0.14721264538043477,0
864,0.07748033967391303,0
865,-0.09297640760869563,0
867,-0.07748033967391303,0
868,-0.10072444157608694,0
870,-0.038740169836956516,0
871,0.13946461141304345,0
872,0.015496067934782606,0
874,-0.16270871331521736,0
875,-0.18595281521739127,0
877,-0.17820478124999997,0
878,0.061984271739130424,0
880,0.2246929850543478,0
881,0.0,0
882,-0.13171657744565216,0
884,-0.18595281521739127,0
885,-0.046488203804347816,0
887,0.11622050951086954,0
888,0.038740169836956516,0
889,-0.2246929850543478,0
891,-0.2634331548913043,0
892,-0.3254174266304347,0
894,-0.12396854347826085,0
895,0.13171657744565216,0
896,0.054236237771739124,0
898,-0.11622050951086954,0
899,-0.2169449510869565,0
901,-0.20919691711956517,0
902,-0.023244101902173908,0
903,0.20919691711956517,0
905,-0.038740169836956516,0
906,-0.12396854347826085,0
908,-0.17045674728260868,0
909,-0.10847247554347825,0
910,0.06973230570652172,0
912,0.13171657744565216,0
913,-0.061984271739130424,0
915,-0.10847247554347825,0
916,-0.14721264538043477,0
917,-0.046488203804347816,0
919,0.255685120923913,0
920,0.15496067934782606,0
922,-0.06973230570652172,0
923,-0.13171657744565216,0
924,-0.030992135869565212,0
926,0.12396854347826085,0
927,0.27118118885869563,0
929,0.054236237771739124,0
930,-0.10072444157608694,0
931,-0.12396854347826085,0
933,-0.054236237771739124,0
934,0.13946461141304345,0
936,0.2634331548913043,0
937,-0.015496067934782606,0
939,-0.08522837364130434,0
940,-0.10072444157608694,0
941,-0.046488203804347816,0
943,0.14721264538043477,0
944,0.11622050951086954,0
946,-0.10847247554347825,0
947,-0.23244101902173908,0
948,-0.2169449510869565,0
950,0.09297640760869563,0
951,0.2789292228260869,0
953,0.038740169836956516,0
954,-0.061984271739130424,0
955,-0.09297640760869563,0
957,-0.09297640760869563,0
958,0.12396854347826085,0
960,0.2246929850543478,0
961,-0.08522837364130434,0
962,-0.20144888315217388,0
964,-0.20919691711956517,0
965,-0.11622050951086954,0
967,0.13171657744565216,0
968,0.13171657744565216,0
969,-0.09297640760869563,0
971,-0.17045674728260868,0
972,-0.17820478124999997,0
974,-0.007748033967391303,0
975,0.1937008491847826,0
976,0.09297640760869563,0
978,-0.18595281521739127,0
979,-0.2169449510869565,0
981,-0.17820478124999997,0
982,0.054236237771739124,0
983,0.13171657744565216,0
985,-0.10847247554347825,0
986,-0.14721264538043477,0
988,-0.1937008491847826,0
989,-0.09297640760869563,0
991,0.08522837364130434,0
992,0.030992135869565212,0
993,-0.2246929850543478,0
995,-0.17820478124999997,0
996,-0.12396854347826085,0
998,-0.007748033967391303,0
999,0.13171657744565216,0
1000,-0.054236237771739124,0
1002,-0.13946461141304345,0
1003,-0.18595281521739127,0
1005,-0.18595281521739127,0
1006,0.015496067934782606,0
1007,0.2789292228260869,0
1009,0.046488203804347816,0
1010,-0.14721264538043477,0
1012,-0.23244101902173908,0
1013,-0.16270871331521736,0
1014,0.17820478124999997,0
1016,0.2246929850543478,0
1017,-0.17045674728260868,0
1019,-0.2789292228260869,0
1020,-0.17820478124999997,0
1021,-0.046488203804347816,0
1023,0.2401890529891304,0
1024,0.11622050951086954,0
1026,-0.13171657744565216,0
1027,-0.2169449510869565,0
1028,-0.27118118885869563,0
1030,-0.07748033967391303,0
1031,0.255685120923913,0
1033,-0.015496067934782606,0
1034,-0.1937008491847826,0
1035,-0.1937008491847826,0
1037,-0.10072444157608694,0
1038,0.038740169836956516,0
1040,0.12396854347826085,0
1041,-0.16270871331521736,0
1042,-0.17045674728260868,0
1044,-0.07748033967391303,0
1045,0.030992135869565212,0
1047,0.13171657744565216,0
1048,0.06973230570652172,0
1050,-0.13171657744565216,0
1051,-0.17820478124999997,0
1052,-0.20919691711956517,0
1054,-0.023244101902173908,0
1055,0.2246929850543478,0
1057,-0.046488203804347816,0
1058,-0.3021733247282608,0
1059,-0.20144888315217388,0
1061,-0.12396854347826085,0
1062,-0.007748033967391303,0
1064,0.10072444157608694,0
1065,-0.10847247554347825,0
1066,-0.09297640760869563,0
1068,-0.10072444157608694,0
1069,-0.12396854347826085,0
1071,0.10847247554347825,0
1072,0.12396854347826085,0
1073,-0.17045674728260868,0
1075,-0.27118118885869563,0
1076,-0.3874016983695652,0
1078,-0.2246929850543478,0
1079,0.07748033967391303,0
1080,-0.10072444157608694,0
1082,-0.3254174266304347,0
1083,-0.34091349456521736,0
1085,-0.35640956249999994,0
1086,-0.09297640760869563,0
1087,0.0,0
1089,-0.255685120923913,0
1090,-0.1937008491847826,0
1092,-0.15496067934782606,0
1093,-0.11622050951086954,0
1094,0.08522837364130434,0
1096,0.09297640760869563,0
1097,-0.14721264538043477,0
1099,-0.20144888315217388,0
1100,-0.3099213586956521,0
1102,-0.17820478124999997,0
1103,0.09297640760869563,0
1104,-0.08522837364130434,0
1106,-0.36415759646739126,0
1107,-0.33316546059782604,0
1109,-0.2479370869565217,0
1110,-0.038740169836956516,0
1111,0.030992135869565212,0
1113,-0.20144888315217388,0
1114,-0.18595281521739127,0
1116,-0.16270871331521736,0
1117,-0.12396854347826085,0
1118,0.054236237771739124,0
1120,0.09297640760869563,0
1121,-0.2401890529891304,0
1123,-0.3021733247282608,0
1124,-0.37965366440217385,0
1125,-0.2246929850543478,0
1127,0.10847247554347825,0
1128,0.038740169836956516,0
1130,-0.17820478124999997,0
1131,-0.2401890529891304,0
1132,-0.20919691711956517,0
1134,0.046488203804347816,0
1135,0.2169449510869565,0
1137,-0.10072444157608694,0
1138,-0.2634331548913043,0
1139,-0.20919691711956517,0
1141,-0.2401890529891304,0
1142,-0.07748033967391303,0
1144,0.18595281521739127,0
1145,-0.023244101902173908,0
1146,-0.13946461141304345,0
1148,-0.2401890529891304,0
1149,-0.10072444157608694,0
1151,0.2634331548913043,0
1152,0.14721264538043477,0
1154,-0.18595281521739127,0
1155,-0.1937008491847826,0
1156,-0.10847247554347825,0
1158,-0.023244101902173908,0
1159,0.1937008491847826,0
1161,0.015496067934782606,0
1162,-0.17820478124999997,0
1163,-0.13946461141304345,0
1165,-0.09297640760869563,0
1166,0.038740169836956516,0
1168,0.15496067934782606,0
1169,-0.14721264538043477,0
1170,-0.2789292228260869,0
1172,-0.29442529076086954,0
1173,-0.16270871331521736,0
1175,0.14721264538043477,0
1176,0.2401890529891304,0
1177,-0.09297640760869563,0
1179,-0.20919691711956517,0
1180,-0.18595281521739127,0
1182,-0.046488203804347816,0
1183,0.20144888315217388,0
1184,0.054236237771739124,0
1186,-0.1937008491847826,0
1187,-0.20144888315217388,0
1189,-0.14721264538043477,0
1190,0.015496067934782606,0
1191,0.2169449510869565,0
1193,-0.046488203804347816,0
1194,-0.12396854347826085,0
1196,-0.054236237771739124,0
1197,-0.09297640760869563,0
1198,0.030992135869565212,0
1200,0.11622050951086954,0
1201,-0.10847247554347825,0
1203,-0.2169449510869565,0
1204,-0.255685120923913,0
1205,-0.16270871331521736,0
1207,0.13171657744565216,0
1208,0.08522837364130434,0
1210,-0.10847247554347825,0
1211,-0.15496067934782606,0
1213,0.0,0
1214,0.16270871331521736,0
1215,0.255685120923913,0
1217,0.023244101902173908,0
1218,-0.2246929850543478,0
1220,-0.27118118885869563,0
1221,-0.11622050951086954,0
1222,-0.030992135869565212,0
1224,0.10847247554347825,0
1225,-0.10072444157608694,0
1227,-0.1937008491847826,0
1228,-0.2246929850543478,0
1229,-0.14721264538043477,0
1231,0.06973230570652172,0
1232,0.054236237771739124,0
1234,-0.12396854347826085,0
1235,-0.14721264538043477,0
1236,-0.2169449510869565,0
1238,-0.015496067934782606,0
1239,0.16270871331521736,0
1241,-0.14721264538043477,0
1242,-0.2401890529891304,0
1243,-0.2479370869565217,0
1245,-0.1937008491847826,0
1246,0.0,0
1248,0.07748033967391303,0
1249,-0.17820478124999997,0
1250,-0.20919691711956517,0
1252,-0.23244101902173908,0
1253,-0.15496067934782606,0
1255,0.038740169836956516,0
1256,0.015496067934782606,0
1257,-0.2246929850543478,0
1259,-0.3254174266304347,0
1260,-0.34091349456521736,0
1262,-0.13171657744565216,0
1263,0.10072444157608694,0
1265,-0.030992135869565212,0
1266,-0.20919691711956517,0
1267,-0.27118118885869563,0
1269,-0.255685120923913,0
1270,-0.030992135869565212,0
1272,0.030992135869565212,0
1273,-0.16270871331521736,0
1274,-0.27118118885869563,0
1276,-0.255685120923913,0
1277,-0.17820478124999997,0
1279,0.015496067934782606,0
1280,0.015496067934782606,0
1281,-0.1937008491847826,0
1283,-0.27118118885869563,0
1284,-0.2789292228260869,0
1286,-0.13946461141304345,0
1287,0.10072444157608694,0
1288,-0.11622050951086954,0
1290,-0.2634331548913043,0
1291,-0.2169449510869565,0
1293,-0.10847247554347825,0
1294,0.023244101902173908,0
1295,0.13171657744565216,0
1297,-0.13171657744565216,0
1298,-0.18595281521739127,0
1300,-0.2634331548913043,0
1301,-0.16270871331521736,0
1302,0.10847247554347825,0
1304,0.17820478124999997,0
1305,-0.10847247554347825,0
1307,-0.20919691711956517,0
1308,-0.255685120923913,0
1309,-0.14721264538043477,0
1311,0.10072444157608694,0
1312,0.0,0
1314,-0.20144888315217388,0
1315,-0.2246929850543478,0
1316,-0.17820478124999997,0
1318,0.023244101902173908,0
1319,0.2479370869565217,0
1321,0.023244101902173908,0
1322,-0.10072444157608694,0
1324,-0.11622050951086954,0
1325,0.015496067934782606,0
1326,0.20144888315217388,0
1328,0.20144888315217388,0
1329,-0.14721264538043477,0
1331,-0.18595281521739127,0
1332,-0.23244101902173908,0
1333,-0.13946461141304345,0
1335,0.09297640760869563,0
1336,0.007748033967391303,0
1338,-0.2246929850543478,0
1339,-0.1937008491847826,0
1340,-0.17045674728260868,0
1342,0.061984271739130424,0
1343,0.3099213586956521,0
1345,0.20144888315217388,0
1346,0.23244101902173908,0
1347,0.3254174266304347,0
1349,0.46488203804347816,0
1350,0.6740789551630434,0
1352,0.8832758722826085,0
1353,0.8057955326086955,0
1354,0.867779804347826,0
1356,0.9840003138586955,0
1357,1.100220823369565,0
1359,1.456630385869565,0
1360,1.456630385869565,0
1361,1.2086932989130432,0
1363,1.3171657744565215,0
1364,1.4876225217391301,0
1366,1.7588037105978258,0
1367,1.991244729619565,0
1368,1.9137643899456518,0
1370,1.7975438804347823,0
1371,1.8440320842391302,0
1373,2.037732933423913,0
1374,2.37864642798913,0
1376,2.6730717187499997,0
1377,2.4638748016304346,0
1378,2.4871189035326084,0
1380,2.5258590733695647,0
1381,2.649827616847826,0
1383,2.9674970095108693,0
1384,3.09146555298913,0
1385,2.959748975543478,0
1387,2.998489145380434,0
1388,3.1302057228260867,0
1390,3.3626467418478256,0
1391,3.6105838288043475,0
1392,3.6183318627717385,0
1394,3.502111353260869,0
1395,3.6105838288043475,0
1397,3.8275287798913036,0
1398,4.083213900815217,0
1399,4.2924108179347815,0
1401,4.199434410326086,0
1402,4.1374501385869555,0
1404,4.307906885869564,0
1405,4.486111667119564,0
1406,4.772788923913042,0
1408,4.997481908967391,0
1409,4.803781059782608,0
1411,4.8890094334239125,0
1412,5.012977976902173,0
1413,5.229922927989129,0
1415,5.555340354619564,0
1416,5.663812830163042,0
1418,5.508852150815216,0
1419,5.524348218749999,0
1420,5.547592320652173,0
1422,5.725797101902173,0
1423,5.973734188858694,0
1425,5.911749917119565,0
1426,5.9349940190217385,0
1428,6.074458630434782,0
1429,6.151938970108695,0
1430,6.461860328804347,0
1432,6.616821008152173,0
1433,6.454112294836955,0
1435,6.547088702445651,0
1436,6.740789551630434,0
1437,6.8415139932065205,0
1439,7.120443216032608,0
1440,7.174679453804346,0
1442,7.027466808423912,0
1443,7.089451080163042,0
1444,7.205671589673912,0
1446,7.507844914402173,0
1447,7.926238748641303,0
1449,7.856506442934782,0
1450,7.7557820013586944,0
1451,7.895246612771738,0
1453,7.96497891847826,0
1454,8.236160107336955,0
1456,8.422112922554346,0
1457,8.274900277173911,0
1458,8.251656175271737,0
1460,8.38337275271739,0
1461,8.569325567934781,0
1463,8.964475300271738,0
1464,9.088443843749998,0
1465,8.933483164402173,0
1467,8.941231198369564,0
1468,9.010963504076086,0
1470,9.212412387228259,0
1471,9.475845542119563,0
1472,9.437105372282607,0
1474,9.33638093070652,0
1475,9.429357338315215,0
1477,9.530081779891303,0
1478,9.801262968749999,0
1479,10.266145006793476,0
1481,10.018207919836955,0
1482,9.979467749999998,0
1484,10.072444157608695,0
1485,10.211908769021738,0
1487,10.591562433423912,0
1488,10.692286874999999,0
1489,10.58381439945652,0
1491,10.599310467391303,0
1492,10.669042773097825,0
1494,10.87823969021739,0
1495,11.195909082880434,0
1496,11.126176777173912,0
1498,11.06419250543478,0
1499,11.149420879076086,0
1501,11.23464925271739,0
1502,11.490334373641302,0
1503,11.800255732336955,0
1505,11.575562747282607,0
1506,11.668539154891302,0
1508,11.76926359646739,0
1509,11.862240004076085,0
1510,12.241893668478259,0
1512,12.443342551630433,0
1513,12.203153498641303,0
1515,12.358114177989128,0
1516,12.489830755434781,0
1517,12.675783570652172,0
1519,13.032193133152171,0
1520,13.01669706521739,0
1522,12.915972623641302,0
1523,13.039941167119563,0
1524,13.086429370923911,0
1526,13.342114491847823,0
1527,13.690776020380433,0
1529,13.543563374999998,0
1530,13.55131140896739,0
1531,13.67527995244565,0
1533,13.776004394021736,0
1534,14.140161990489128,0
1536,14.326114805706519,0
1537,14.15565805842391,0
1539,14.20989429619565,0
1540,14.326114805706519,0
1541,14.535311722826085,0
1543,14.876225217391301,0
1544,14.891721285326085,0
1546,14.674776334239128,0
1547,14.79874487771739,0
1548,14.92271342119565,0
1550,15.186146576086955,0
1551,15.550304172554345,0
1553,15.45732776494565,0
1554,15.45732776494565,0
1555,15.52706007065217,0
1557,15.612288444293476,0
1558,15.906713735054346,0
1560,16.15465082201087,0
1561,16.04617834646739,0
1562,16.022934244565214,0
1564,16.092666550271737,0
1565,16.270871331521736,0
1567,16.627280894021737,0
1568,16.70476123369565,0
1569,16.549800554347822,0
1571,16.673769097826085,0
1572,16.797737641304344,0
1574,17.084414898097823,0
1575,17.386588222826084,0
1576,17.254871645380433,0
1578,17.18513933967391,0
1579,17.386588222826084,0
1581,17.471816596467388,0
1582,17.742997785326086,0
1583,18.029675042119564,0
1585,17.820478124999998,0
1586,17.921202566576085,0
1588,18.045171110054344,0
1589,18.184635721467387,0
1591,18.502305114130433,0
1592,18.665013827445648,0
1593,18.572037419836953,0
1595,18.61077758967391,0
1596,18.649517759510868,0
1598,18.920698948369562,0
1599,19.26161244293478,0
1600,19.14539193342391,0
1602,19.02142338994565,0
1603,19.114399797554345,0
1605,19.238368341032604,0
1606,19.49405346195652,0
1607,19.803974820652172,0
1609,19.695502345108693,0
1610,19.726494480978257,0
1612,19.834966956521736,0
1613,20.02866780570652,0
1614,20.4005734361413,0
1616,20.555534115489127,0
1617,20.369581300271737,0
1619,20.416069504076084,0
1620,20.45480967391304,0
1621,20.679502658967387,0
1623,21.05915632336956,0
1624,21.136636663043475,0
1626,21.05915632336956,0
1627,21.16762879891304,0
1628,21.291597342391302,0
1630,21.493046225543473,0
1631,21.771975448369563,0
1633,21.686747074728256,0
1634,21.76422741440217,0
1635,21.919188093749998,0
1637,22.035408603260866,0
1638,22.252353554347824,0
1640,22.461550471467387,0
1641,22.29884175815217,0
1642,22.42281030163043,0
1644,22.446054403532607,0
1645,22.66299935461956,0
1647,23.08139318885869,0
1648,23.12788139266304,0
1650,22.972920713315215,0
1651,23.12013335869565,0
1652,23.282842072010865,0
1654,23.49203898913043,0
1655,23.801960347826082,0
1657,23.732228042119562,0
1658,23.708983940217387,0
1659,23.85619658559782,0
1661,23.918180857336953,0
1662,24.212606148097823,0
1664,24.421803065217386,0
1665,24.15062187635869,0
1666,24.212606148097823,0
1668,24.25909435190217,0
1669,24.460543235054345,0
1671,24.778212627717387,0
1672,24.979661510869562,0
1673,24.878937069293475,0
1675,25.057141850543474,0
1676,25.219850563858692,0
1678,25.382559277173907,0
1679,25.73896883967391,0
1680,25.68473260190217,0
1682,25.63824439809782,0
1683,25.80095311141304,0
1685,25.994653960597823,0
1686,26.250339081521734,0
1687,26.475032066576084,0
1689,26.29682728532608,0
1690,26.29682728532608,0
1692,26.436291896739124,0
1693,26.614496677989127,0
1694,26.963158206521737,0
1696,27.12586691983695,0
1697,26.98640230842391,0
1699,27.056134614130432,0
1700,27.164607089673908,0
1702,27.443536312499997,0
1703,27.76120570516304,0
1704,27.722465535326084,0
1706,27.675977331521736,0
1707,27.753457671195648,0
1709,27.89292228260869,0
1710,28.210591675271736,0
1711,28.53600910190217,0
1713,28.4197885923913,0
1714,28.443032694293475,0
1716,28.59024533967391,0
1717,28.76845012092391,0
1718,29.039631309782603,0
1720,29.186843955163038,0
1721,28.985395072010864,0
1723,29.07062344565217,0
1724,29.163599853260866,0
1725,29.388292838315213,0
1727,29.744702400815214,0
1728,29.922907182065213,0
1730,29.78344257065217,0
1731,29.85317487635869,0
1732,30.000387521739125,0
1734,30.27931674456521,0
1735,30.55049793342391,0
1737,30.542749899456517,0
1738,30.542749899456517,0
1739,30.55049793342391,0
1741,30.689962544836952,0
1742,30.984387835597822,0
1744,31.08511227717391,0
1745,31.007631937499994,0
1746,31.10060834510869,0
1748,31.302057228260864,0
1749,31.464765941576083,0
1751,31.852167639945648,0
1752,31.844419605978256,0
1754,31.774687300271733,0
1755,31.921899945652168,0
1756,32.00712831929347,0
1758,32.30155361005434,0
1759,32.64246710461956,0
1761,32.52624659510869,0
1762,32.557238730978256,0
1763,32.67345924048912,0
1765,32.83616795380434,0
1766,33.10734914266304,0
1768,33.35528622961956,0
1769,33.153837346467384,0
1770,33.21582161820652,0
1772,33.30104999184782,0
1773,33.54123904483695,0
1775,33.95188484510869,0
1776,34.083601422554345,0
1777,33.920892709239126,0
1779,33.982876980978254,0
1780,34.07585338858695,0
1782,34.223066033967385,0
1783,34.517491324728255,0
1784,34.509743290760866,0
1786,34.54848346059782,0
1787,34.71119217391304,0
1789,34.78867251358695,0
1790,35.052105668478255,0
1791,35.36202702717391,0
1793,35.214814381793474,0
1794,35.23031044972826,0
1796,35.35427899320651,0
1797,35.509239672554344,0
1798,35.888893336956514,0
1800,35.98186974456521,0
1801,35.803664963315214,0
1803,35.91213743885869,0
1804,36.03610598233695,0
1805,36.229806831521735,0
1807,36.54747622418478,0
1808,36.58621639402173,0
1810,36.67919280163043,0
1811,36.83415348097825,0
1813,36.91163382065217,0
1814,37.1518228736413,0
1815,37.384263892663036,0
1817,37.244799281249996,0
1818,37.27579141711956,0
1820,37.438500130434775,0
1821,37.624452945652166,0
1822,37.949870372282604,0
1824,38.08933498369564,0
1825,37.949870372282604,0
1827,38.05834284782608,0
1828,38.15131925543478,0
1829,38.376012240489125,0
1831,38.724673769021734,0
1832,38.71692573505434,0
1834,38.670437531249995,0
1835,38.74791787092391,0
1836,38.833146244565214,0
1838,39.11982350135869,0
1839,39.46073699592391,0
1841,39.35226452038043,0
1842,39.30577631657608,0
1843,39.41424879211956,0
1845,39.60020160733695,0
1846,39.88687886413043,0
1848,40.119319883152166,0
1849,40.034091509510866,0
1850,40.13481595108695,0
1852,40.282028596467384,0
1853,40.46023337771739,0
1855,40.82439097418477,0
1856,40.863131144021736,0
1857,40.863131144021736,0
1859,40.9793516535326,0
1860,41.0723280611413,0
1862,41.26602891032608,0
1863,41.63793454076086,0
1865,41.58369830298913,0
1866,41.55270616711956,0
1867,41.591446336956515,0
1869,41.74640701630434,0
1870,42.00209213722825,0
1872,42.29651742798912,0
1873,42.188044952445644,0
1874,42.234533156249995,0
1876,42.35850169972825,0
1877,42.57544665081521,0
1879,42.854375873641295,0
1880,42.89311604347825,0
1881,42.89311604347825,0
1883,43.04807672282608,0
1884,43.17204526630434,0
1886,43.42773038722825,0
1887,43.72215567798912,0
1888,43.683415508152166,0
1890,43.5671949986413,0
1891,43.72215567798912,0
1893,43.923604561141296,0
1894,44.25677002173912,0
1895,44.59768351630434,0
1897,44.44272283695651,0
1898,44.489211040760864,0
1900,44.60543155027173,0
1901,44.729400093749994,0
1902,45.03157341847825,0
1904,45.14779392798912,0
1905,45.07031358831521,0
1907,45.22527426766304,0
1908,45.318250675271734,0
1909,45.56618776222825,0
1911,45.9690855285326,0
1912,45.94584142663043,0
1914,45.87610912092391,0
1915,46.00007766440217,0
1917,46.13179424184782,0
1918,46.34873919293477,0
1919,46.53469200815216,0
1921,46.44171560054347,0
1922,46.55793611005434,0
1924,46.635416449728254,0
1925,46.79037712907608,0
1926,47.18552686141304,0
1928,47.38697574456521,0
1929,47.28625130298912,0
1931,47.37922771059782,0
1932,47.549684457880424,0
1933,47.69689710326086,0
1935,48.01456649592391,0
1936,48.00681846195651,0
1938,47.890597952445646,0
1939,48.04555863179347,0
1940,48.17727520923912,0
1942,48.36322802445651,0
1943,48.727385620923904,0
1945,48.59566904347825,0
1946,48.59566904347825,0
1947,48.79711792663043,0
1949,48.92883450407608,0
1950,49.32398423641303,0
1952,49.633905595108686,0
1953,49.49444098369565,0
1954,49.548677221467386,0
1956,49.64940166304347,0
1957,49.80436234239129,0
1959,50.06004746331521,0
1960,50.12977976902173,0
1961,50.0677954972826,0
1963,50.23050421059782,0
1964,50.30023651630434,0
1966,50.53267753532608,0
1967,50.91233119972825,0
1969,50.79611069021738,0
1970,50.85034692798912,0
1971,50.98981153940217,0
1973,51.14477221874999,0
1974,51.41595340760869,0
1976,51.63289835869564,0
1977,51.431449475543474,0
1978,51.65614246059782,0
1980,51.82659920788043,0
1981,52.01255202309782,0
1983,52.30697731385869,0
1984,52.3844576535326,0
1985,52.283733211956516,0
1987,52.423197823369556,0
1988,52.5626624347826,0
1990,52.771859351902165,0
1991,53.0972767785326,0
1992,53.012048404891296,0
1994,52.99655233695651,0
1995,53.174757118206514,0
1997,53.39945010326086,0
1998,53.6318911222826,0
1999,53.88757624320651,0
2001,53.82559197146738,0
2002,53.903072311141294,0
2004,53.97280461684782,0
2005,54.143261364130424,0
2006,54.46867879076086,0
2008,54.65463160597825,0
2009,54.484174858695646,0
2011,54.623639470108685,0
2012,54.724363911684776,0
2013,55.01104116847825,0
2015,55.344206629076076,0
2016,55.22798611956521,0
2018,55.080773474184774,0
2019,55.20474201766304,0
2020,55.42168696874999,0
2022,55.7703484972826,0
2023,55.987293448369556,0
2025,55.91756114266303,0
2026,56.01828558423912,0
2028,56.11126199184782,0
2029,56.289466773097814,0
2030,56.552899927989124,0
2032,56.816333082880426,0
2033,56.70011257336956,0
2035,56.73110470923912,0
2036,56.878317354619554,0
2037,57.07976623777173,0
2039,57.34319939266303,0
2040,57.381939562499994,0
2042,57.25797101902173,0
2043,57.47491597010869,0
2044,57.622128615489125,0
2046,57.87006570244564,0
2047,58.28071150271738,0
2049,58.1722390271739,0
2050,58.19548312907608,0
2051,58.33494774048912,0
2053,58.51315252173912,0
2054,58.81532584646738,0
2056,59.071010967391295,0
2057,58.90055422010869,0
2058,58.97028652581521,0
2060,59.05551489945651,0
2061,59.256963782608686,0
2063,59.56688514130434,0
2064,59.63661744701086,0
2065,59.48940480163043,0
2067,59.5978772771739,0
2068,59.75283795652173,0
2070,60.062759315217384,0
2071,60.42691691168477,0
2072,60.47340511548912,0
2074,60.41916887771738,0
2075,60.488901183423906,0
2077,60.56638152309782,0
2078,60.814318610054336,0
2079,61.131988002717385,0
2081,61.03901159510868,0
2082,61.10099586684782,0
2084,61.263704580163036,0
2085,61.43416132744564,0
2087,61.68984644836956,0
2088,61.852555161684776,0
2089,61.76732678804347,0
2091,61.999767807065204,0
2092,62.16247652038042,0
2094,62.3639254035326,0
2095,62.65835069429347,0
2096,62.6273585584239,0
2098,62.54987821874999,0
2099,62.689342830163035,0
2101,62.937279917119554,0
2102,63.3401776834239,0
2103,63.572618702445645,0
2105,63.45639819293477,0
2106,63.48739032880434,0
2108,63.603610838315205,0
2109,63.867043993206515,0
2110,64.27768979347825,0
2112,64.46364260869564,0
2113,64.3164299633152,0
2115,64.47139064266304,0
2116,64.51787884646738,0
2117,64.70383166168477,0
2119,65.09898139402173,0
2120,65.16871369972824,0
2122,65.1222254959239,0
2123,65.24619403940217,0
2124,65.42439882065216,0
2126,65.71107607744564,0
2127,66.04424153804347,0
2129,65.96676119836955,0
2130,66.00550136820651,0
2131,66.1914541834239,0
2133,66.43939127038043,0
2134,66.69507639130434,0
2136,66.9120213423913,0
2137,66.98175364809782,0
2139,67.07473005570651,0
2140,67.23743876902172,0
2141,67.45438372010868,0
2143,67.77205311277173,0
2144,67.77980114673912,0
2146,67.72556490896739,0
2147,67.88052558831521,0
2148,67.9812500298913,0
2150,68.25243121874999,0
2151,68.55460454347825,0
2153,68.51586437364129,0
2154,68.52361240760868,0
2155,68.66307701902173,0
2157,68.8567778682065,0
2158,69.18219529483694,0
2160,69.46112451766304,0
2161,69.38364417798913,0
2162,69.46112451766304,0
2164,69.5773450271739,0
2165,69.75554980842391,0
2167,70.12745543885869,0
2168,70.29791218614129,0
2169,70.15844757472826,0
2171,70.3753925258152,0
2172,70.60783354483695,0
2174,70.89451080163042,0
2175,71.15019592255433,0
2176,71.05721951494564,0
2178,71.12695182065217,0
2179,71.28191249999999,0
2181,71.49110941711956,0
2182,71.70030633423912,0
2183,71.97923555706521,0
2185,71.8862591494565,0
2186,71.93274735326086,0
2188,72.0722119646739,0
2189,72.3356451195652,0
2190,72.72304681793477,0
2192,73.00972407472825,0
2193,72.8780074972826,0
2195,73.00197604076085,0
2196,73.13369261820651,0
2198,73.34288953532608,0
2199,73.69929909782607,0
2200,73.69929909782607,0
2202,73.62181875815216,0
2203,73.74578730163043,0
2205,73.96273225271737,0
2206,74.3036457472826,0
2207,74.62906317391302,0
2209,74.58257497010868,0
2210,74.64455924184782,0
2212,74.79177188722825,0
2213,74.94673256657607,0
2214,75.23340982336956,0
2216,75.42711067255433,0
2217,75.32638623097824,0
2219,75.51233904619563,0
2220,75.69829186141303,0
2221,75.96947305027173,0
2223,76.24840227309781,0
2224,76.27164637499999,0
2226,76.20191406929347,0
2227,76.33363064673912,0
2228,76.55832363179347,0
2230,76.8837410584239,0
2231,77.2401506209239,0
2233,77.17041831521738,0
2234,77.17041831521738,0
2235,77.20141045108694,0
2237,77.30213489266303,0
2238,77.70503265896738,0
2240,77.9452217119565,0
2241,77.79026103260868,0
2242,78.01495401766303,0
2244,78.23964700271738,0
2245,78.44884391983695,0
2247,78.7587652785326,0
2248,78.78200938043477,0
2250,78.72777314266303,0
2251,78.92147399184782,0
2252,79.12292287499999,0
2254,79.39410406385868,0
2255,79.69627738858695,0
2257,79.53356867527172,0
2258,79.47933243749999,0
2259,79.75826166032607,0
2261,79.9209703736413,0
2262,80.25413583423912,0
2264,80.56405719293477,0
2265,80.45558471739129,0
2266,80.54856112499999,0
2268,80.70352180434782,0
2269,80.96695495923912,0
2271,81.3388605896739,0
2272,81.50156930298911,0
2273,81.46282913315216,0
2275,81.57904964266304,0
2276,81.73401032201086,0
2278,82.0516797146739,0
2279,82.39259320923912,0
2280,82.47007354891304,0
2282,82.57854602445651,0
2283,82.64053029619564,0
2285,82.64053029619564,0
2286,82.89621541711955,0
2287,83.1209084021739,0
2289,82.97369575679346,0
2290,83.07442019836955,0
2292,83.22938087771738,0
2293,83.42308172690215,0
2294,83.81823145923912,0
2296,83.98868820652173,0
2297,83.8414755611413,0
2299,84.07391658016303,0
2300,84.24437332744564,0
2302,84.43032614266303,0
2303,84.76349160326086,0
2304,84.69375929755434,0
2306,84.65501912771738,0
2307,84.81772784103259,0
2309,85.02692475815216,0
2310,85.25161774320651,0
2311,85.5227989320652,0
2313,85.46856269429347,0
2314,85.54604303396738,0
2316,85.73199584918477,0
2317,85.8869565285326,0
2318,86.25886215896737,0
2320,86.44481497418477,0
2321,86.35183856657608,0
2323,86.49905121195651,0
2324,86.63851582336954,0
2325,86.82446863858694,0
2327,87.17313016711955,0
2328,87.18087820108694,0
2330,87.16538213315216,0
2331,87.39007511820651,0
2332,87.6612563070652,0
2334,87.90919339402173,0
2335,88.2036186847826,0
2337,88.07190210733694,0
2338,88.13388637907607,0
2339,88.22686278668476,0
2341,88.36632739809781,0
2342,88.69174482472825,0
2344,88.89319370788041,0
2345,88.69949285869563,0
2346,88.93968191168477,0
2348,89.14113079483694,0
2349,89.28834344021737,0
2351,89.66799710461954,0
2352,89.76097351222825,0
2353,89.63700496874999,0
2355,89.77646958016302,0
2356,89.91593419157607,0
2358,90.27234375407608,0
2359,90.52802887499999,0
2361,90.41955639945651,0
2362,90.38856426358694,0
2363,90.69848562228259,0
2365,90.86119433559782,0
2366,91.18661176222825,0
2368,91.41905278124999,0
2369,91.30283227173912,0
2370,91.38031261141303,0
2372,91.57401346059781,0
2373,91.79870644565216,0
2375,92.04664353260868,0
2376,92.11637583831521,0
2377,91.96141515896738,0
2379,92.19385617798912,0
2380,92.39530506114129,0
2382,92.64324214809781,0
2383,92.96091154076086,0
2384,92.9221713709239,0
2386,92.9144233369565,0
2387,93.13911632201085,0
2389,93.37930537499999,0
2390,93.68922673369563,0
2391,94.00689612635868,0
2393,93.85193544701086,0
2394,93.91391971874998,0
2396,94.14636073777173,0
2397,94.29357338315216,0
2398,94.59574670788042,0
2400,94.74295935326086,0
2401,94.54925850407608,0
2403,94.71971525135868,0
2404,94.94440823641303,0
2405,95.24658156114128,0
2407,95.48677061413042,0
2408,95.5022666820652,0
2410,95.38604617255433,0
2411,95.54875488586956,0
2413,95.79669197282607,0
2414,96.06787316168477,0
2415,96.37779452038042,0
2417,96.19958973913042,0
2418,96.26932204483694,0
2420,96.4862669959239,0
2421,96.62573160733695,0
2422,96.9279049320652,0
2424,97.16034595108694,0
2425,96.93565296603259,0
2427,97.1061097133152,0
2428,97.33080269836955,0
2429,97.54774764945651,0
2431,97.9041572119565,0
2432,97.93514934782607,0
2434,97.78018866847825,0
2435,97.95839344972825,0
2436,98.22182660461955,0
2438,98.52399992934781,0
2439,98.83392128804346,0
2441,98.76418898233695,0
2442,98.68670864266302,0
2443,98.89590555978259,0
2445,98.98113393342389,0
2446,99.2368190543478,0
2448,99.46151203940215,0
2449,99.2523151222826,0
2450,99.32204742798912,0
2452,99.56223648097824,0
2453,99.78692946603259,0
2455,100.1278429605978,0
2455,100.27505560597824,1
2454,100.12009492663041,1
2453,100.38352808152172,1
2451,100.45326038722824,1
2450,100.43001628532608,1
2448,100.42226825135867,1
2447,100.46875645516303,1
2446,100.36028397961955,1
2444,100.18982723233694,1
2443,99.56223648097824,1
2441,98.32255104619564,1
2440,96.4862669959239,1
2438,94.02239219429346,1
2437,91.4113047472826,1
2436,88.9086897758152,1
2434,87.8394610883152,1
2433,87.64576023913042,1
2431,86.89420094429346,1
2430,85.71649978125,1
2429,85.1741374035326,1
2427,85.05791689402173,1
2426,84.70925536548911,1
2424,84.36059383695651,1
2423,84.07391658016303,1
2422,83.70201094972825,1
2420,83.55479830434781,1
2419,83.5625463383152,1
2417,83.30686121739129,1
2416,83.0356800285326,1
2415,82.87297131521738,1
2413,82.74125473777173,1
2412,82.5010656847826,1
2410,82.46232551494563,1
2409,82.37709714130433,1
2408,82.1446561222826,1
2406,81.91221510326086,1
2405,81.70301818614129,1
2403,81.61778981249999,1
2402,81.62553784646738,1
2401,81.47832520108695,1
2399,81.2536322160326,1
2398,81.13741170652173,1
2396,80.92821478940216,1
2395,80.81974231385868,1
2394,80.75001000815216,1
2392,80.5330650570652,1
2391,80.3548602758152,1
2389,80.16115942663042,1
2388,79.95196250951086,1
2386,79.89772627173912,1
2385,79.9054743057065,1
2384,79.67303328668477,1
2382,79.50257653940216,1
2381,79.22364731657608,1
2379,79.05319056929346,1
2378,79.08418270516303,1
2377,78.96796219565216,1
2375,78.73552117663043,1
2374,78.64254476902173,1
2372,78.53407229347825,1
2371,78.43334785190216,1
2370,78.34037144429347,1
2368,78.17766273097826,1
2367,78.11567845923912,1
2365,77.98396188179346,1
2364,77.75926889673912,1
2363,77.82125316847825,1
2361,77.82900120244564,1
2360,77.56556804755434,1
2358,77.46484360597825,1
2357,77.25564668885869,1
2356,77.03870173777173,1
2354,77.03870173777173,1
2353,76.8759930244565,1
2351,76.68229217527173,1
2350,76.72103234510868,1
2349,76.62030790353259,1
2347,76.44985115624999,1
2346,76.34137868070651,1
2344,76.22515817119564,1
2343,76.04695338994564,1
2342,75.98496911820651,1
2340,75.83775647282607,1
2339,75.70603989538043,1
2337,75.58207135190216,1
2336,75.32638623097824,1
2335,75.15592948369564,1
2333,75.07844914402173,1
2332,74.90799239673912,1
2330,74.94673256657607,1
2329,74.79951992119564,1
2327,74.52059069836956,1
2326,74.44311035869563,1
2325,74.23391344157608,1
2323,74.01696849048912,1
2322,74.00147242255434,1
2320,73.88525191304346,1
2319,73.70704713179347,1
2318,73.52109431657608,1
2316,73.39712577309781,1
2315,73.39712577309781,1
2313,73.4048738070652,1
2312,73.15693672010869,1
2311,73.03296817663042,1
2309,72.85476339538042,1
2308,72.6068263084239,1
2306,72.63007041032607,1
2305,72.52934596875,1
2304,72.35114118749999,1
2302,72.26591281385869,1
2301,72.11095213451085,1
2299,71.97148752309782,1
2298,71.94049538722825,1
2297,71.7080543682065,1
2295,71.52210155298911,1
2294,71.46786531521738,1
2292,71.30515660190217,1
2291,71.17344002445651,1
2290,71.11920378668478,1
2288,70.82477849592391,1
2287,70.69306191847825,1
2285,70.57684140896738,1
2284,70.39088859374999,1
2283,70.39088859374999,1
2281,70.33665235597825,1
2280,70.06547116711955,1
2278,69.91825852173912,1
2277,69.68581750271738,1
2275,69.56184895923911,1
2274,69.63932929891303,1
2273,69.52310878940216,1
2271,69.32940794021738,1
2270,69.21318743070651,1
2268,68.91101410597825,1
2267,68.88002197010869,1
2266,68.91101410597825,1
2264,68.74055735869564,1
2263,68.49262027173911,1
2261,68.37639976222825,1
2260,68.25243121874999,1
2259,68.26017925271738,1
2257,68.16720284510869,1
2256,67.90376969021737,1
2254,67.82628935054346,1
2253,67.68682473913043,1
2252,67.56285619565216,1
2250,67.50087192391304,1
2249,67.39239944836956,1
2247,67.20644663315217,1
2246,67.14446236141303,1
2245,66.97400561413042,1
2243,66.94301347826087,1
2242,66.93526544429346,1
2240,66.76480869701086,1
2239,66.62534408559782,1
2238,66.5556117798913,1
2236,66.2766825570652,1
2235,66.16821008152174,1
2233,66.15271401358694,1
2232,65.9280210285326,1
2231,65.7498162472826,1
2229,65.6490918057065,1
2228,65.50187916032608,1
2226,65.4786350584239,1
2225,65.37016258288043,1
2224,65.11447746195651,1
2222,65.08348532608694,1
2221,64.9440207146739,1
2219,64.81230413722825,1
2218,64.95951678260869,1
2216,64.78906003532607,1
2215,64.61085525407607,1
2214,64.48688671059782,1
2212,64.20795748777172,1
2211,64.16146928396738,1
2209,64.1459732160326,1
2208,63.90578416304347,1
2207,63.812807755434775,1
2205,63.82830382336955,1
2204,63.549374600543466,1
2202,63.54162656657608,1
2201,63.48739032880434,1
2200,63.32468161548912,1
2198,63.18521700407608,1
2197,63.014760256793465,1
2195,62.883043679347814,1
2194,63.014760256793465,1
2193,62.78231923777173,1
2191,62.56537428668477,1
2190,62.480145913043465,1
2188,62.340681301630426,1
2187,62.239956860054335,1
2186,62.30968916576086,1
2184,62.07724814673912,1
2183,61.95327960326086,1
2181,61.98427173913043,1
2180,61.68984644836956,1
2179,61.63561021059782,1
2177,61.68209841440216,1
2176,61.41866525951086,1
2174,61.22496441032608,1
2173,61.217216376358685,1
2172,61.06225569701086,1
2170,61.00027142527173,1
2169,60.96153125543477,1
2167,60.651609896739124,1
2166,60.55863348913042,1
2164,60.39592477581521,1
2163,60.202223926630424,1
2162,60.194475892663036,1
2160,60.05501128124999,1
2159,59.80707419429347,1
2157,59.68310565081521,1
2156,59.52039693749999,1
2155,59.39642839402173,1
2153,59.46616069972825,1
2152,59.2414677146739,1
2150,59.03227079755434,1
2149,58.89280618614129,1
2148,58.76108960869564,1
2146,58.73784550679347,1
2145,58.699105336956514,1
2143,58.38143594429347,1
2142,58.241971332880425,1
2141,58.14899492527173,1
2139,57.947546042119555,1
2138,57.87006570244564,1
2136,57.761593226902164,1
2135,57.48266400407608,1
2134,57.327703324728255,1
2132,57.110758373641296,1
2131,56.94804966032608,1
2129,56.94804966032608,1
2128,56.78534094701086,1
2127,56.59938813179347,1
2125,56.498663690217384,1
2124,56.343703010869554,1
2122,56.27397070516304,1
2121,56.14225412771738,1
2120,55.82458473505434,1
2118,55.66187602173912,1
2117,55.5921437160326,1
2115,55.47592320652173,1
2114,55.44493107065217,1
2113,55.32871056114129,1
2111,55.04203330434782,1
2110,54.95680493070651,1
2108,54.74760801358695,1
2107,54.57715126630434,1
2105,54.58489930027173,1
2104,54.429938620923906,1
2103,54.18200153396738,1
2101,54.01154478668477,1
2100,53.80234786956521,1
2098,53.763607699728254,1
2097,53.7248675298913,1
2096,53.46143437499999,1
2094,53.26773352581521,1
2093,53.08952874456521,1
2091,52.89582789538043,1
2090,52.80285148777173,1
2089,52.663386876358686,1
2087,52.43094585733695,1
2086,52.29922927989129,1
2084,52.21400090624999,1
2083,52.0280480910326,1
2082,51.98155988722825,1
2080,51.857591343749995,1
2079,51.5786621209239,1
2077,51.508929815217385,1
2076,51.34622110190217,1
2075,51.26099272826086,1
2073,51.168016320652164,1
2072,50.90458316576086,1
2070,50.6876382146739,1
2069,50.625653942934775,1
2068,50.524929501358685,1
2066,50.41645702581521,1
2065,50.253748312499994,1
2063,50.1530238709239,1
2062,49.982567123641296,1
2061,49.80436234239129,1
2059,49.688141832880426,1
2058,49.70363790081521,1
2056,49.5331811535326,1
2055,49.34722833831521,1
2054,49.153527489130425,1
2052,48.95207860597825,1
2051,48.78936989266304,1
2049,48.71188955298912,1
2048,48.564676907608685,1
2046,48.456204432065206,1
2045,48.401968194293474,1
2044,48.25475554891304,1
2042,48.12303897146738,1
2041,48.030062563858685,1
2039,47.82086564673912,1
2038,47.650408899456515,1
2037,47.47220411820651,1
2035,47.36373164266303,1
2034,47.34048754076086,1
2032,47.20877096331521,1
2031,46.97632994429347,1
2030,46.80587319701086,1
2028,46.66640858559782,1
2027,46.573432177989126,1
2025,46.51144790624999,1
2024,46.39522739673912,1
2023,46.147290309782605,1
2021,46.0620619361413,1
2020,45.96133749456521,1
2018,45.89160518885869,1
2017,45.798628781249995,1
2016,45.558439728260865,1
2014,45.38023494701086,1
2013,45.20203016576086,1
2011,45.101305724184776,1
2010,45.07031358831521,1
2009,44.98508521467391,1
2007,44.783636331521734,1
2006,44.68291188994564,1
2004,44.59768351630434,1
2003,44.42722676902173,1
2002,44.37299053124999,1
2000,44.23352591983695,1
1999,44.01658096874999,1
1997,43.88486439130434,1
1996,43.72215567798912,1
1994,43.660171406249994,1
1993,43.629179270380426,1
1992,43.39673825135869,1
1990,43.15654919836956,1
1989,43.07906885869564,1
1987,43.017084586956514,1
1986,42.92410817934782,1
1985,42.80788766983695,1
1983,42.614186820652165,1
1982,42.397241869565214,1
1980,42.2267851222826,1
1979,42.133808714673904,1
1978,42.06407640896739,1
1976,41.93235983152173,1
1975,41.74640701630434,1
1973,41.62243847282608,1
1972,41.591446336956515,1
1971,41.45198172554347,1
1969,41.351257283967385,1
1968,41.219540706521734,1
1966,41.0723280611413,1
1965,40.93286344972825,1
1964,40.816642940217385,1
1962,40.64618619293478,1
1961,40.522217649456515,1
1959,40.36725697010869,1
1958,40.2665325285326,1
1957,40.227792358695645,1
1955,40.11157184918478,1
1954,40.02634347554347,1
1952,39.848138694293475,1
1951,39.584705539402165,1
1950,39.42974486005434,1
1948,39.35226452038043,1
1947,39.26703614673912,1
1945,39.259288112771735,1
1944,39.16631170516304,1
1943,38.90287855027173,1
1941,38.74016983695652,1
1940,38.68593359918478,1
1938,38.5774611236413,1
1937,38.515476851902164,1
1935,38.29853190081521,1
1934,38.11257908559782,1
1933,38.027350711956515,1
1931,37.90338216847825,1
1930,37.85689396467391,1
1928,37.67094114945652,1
1927,37.438500130434775,1
1926,37.31453158695651,1
1924,37.22930321331521,1
1923,36.98911416032608,1
1921,36.96587005842391,1
1920,36.84190151494565,1
1919,36.67144476766304,1
1917,36.57072032608695,1
1916,36.423507680706514,1
1914,36.32278323913043,1
1913,36.25305093342391,1
1912,36.03610598233695,1
1910,35.89664137092391,1
1909,35.75717675951086,1
1907,35.65645231793478,1
1906,35.60996411413043,1
1905,35.49374360461956,1
1903,35.26905061956521,1
1902,35.12958600815217,1
1900,35.17607421195652,1
1899,34.95912926086956,1
1898,34.95138122690217,1
1896,34.82741268342391,1
1895,34.61046773233695,1
1893,34.4787511548913,1
1892,34.31604244157608,1
1891,34.269554237771736,1
1889,34.19207389809782,1
1888,33.99062501494565,1
1886,33.88990057336956,1
1885,33.85890843749999,1
1883,33.69619972418478,1
1882,33.61871938451086,1
1881,33.51024690896739,1
1879,33.29330195788043,1
1878,33.16933341440217,1
1876,33.0531129048913,1
1875,32.96788453124999,1
1874,32.86716008967391,1
1872,32.73544351222826,1
1871,32.47201035733695,1
1869,32.30930164402174,1
1868,32.2473173722826,1
1867,32.17758506657608,1
1865,32.21632523641304,1
1864,32.06911259103261,1
1862,31.828923538043473,1
1861,31.68945892663043,1
1860,31.557742349184778,1
1858,31.45701790760869,1
1857,31.39503363586956,1
1855,31.302057228260864,1
1854,31.08511227717391,1
1853,30.937899631793474,1
1851,30.79843502038043,1
1850,30.7364507486413,1
1848,30.61248220516304,1
1847,30.535001865489125,1
1846,30.395537254076082,1
1844,30.33355298233695,1
1843,30.240576574728255,1
1841,30.116608031249996,1
1840,30.000387521739125,1
1839,29.8454268423913,1
1837,29.760198468749994,1
1836,29.65172599320652,1
1834,29.520009415760864,1
1833,29.341804634510865,1
1832,29.07837147961956,1
1830,28.931158834239127,1
1829,28.876922596467388,1
1827,28.88467063043478,1
1826,28.861426528532604,1
1824,28.760702086956517,1
1823,28.597993373641298,1
1822,28.40429252445652,1
1820,28.23383577717391,1
1819,28.30356808288043,1
1817,28.226087743206516,1
1816,28.086623131793473,1
1815,27.89292228260869,1
1813,27.76120570516304,1
1812,27.637237161684777,1
1810,27.513268618206517,1
1809,27.459032380434778,1
1808,27.3505599048913,1
1806,27.195599225543475,1
1805,27.094874783967388,1
1803,27.017394444293473,1
1802,26.93991410461956,1
1801,26.924418036684777,1
1799,26.730717187499994,1
1798,26.506024202445648,1
1796,26.38205565896739,1
1795,26.258087115489126,1
1794,26.203850877717386,1
1792,26.118622504076082,1
1791,25.878433451086952,1
1789,25.824197213315212,1
1788,25.700228669836953,1
1787,25.68473260190217,1
1785,25.607252262228258,1
1784,25.37481124320652,1
1782,25.235346631793476,1
1781,25.15786629211956,1
1780,25.057141850543474,1
1778,24.956417408967386,1
1777,24.84019689945652,1
1775,24.700732288043476,1
1774,24.530275540760865,1
1773,24.483787336956517,1
1771,24.30558255570652,1
1770,24.243598283967387,1
1768,24.12737777445652,1
1767,23.987913163043473,1
1765,23.809708381793474,1
1764,23.747724110054342,1
1763,23.685739838315214,1
1761,23.631503600543475,1
1760,23.468794887228256,1
1758,23.213109766304346,1
1757,23.12788139266304,1
1756,23.104637290760866,1
1754,22.980668747282603,1
1753,22.87994430570652,1
1751,22.686243456521737,1
1750,22.624259184782606,1
1749,22.562274913043474,1
1747,22.539030811141302,1
1746,22.337581927989127,1
1744,22.23685748641304,1
1743,22.027660569293474,1
1742,21.919188093749998,1
1740,21.88044792391304,1
1739,21.77972348233695,1
1737,21.725487244565215,1
1736,21.671251006793476,1
1735,21.446558021739126,1
1733,21.330337512228258,1
1732,21.28384930842391,1
1730,21.22186503668478,1
1729,21.17537683288043,1
1728,21.066904357336952,1
1726,20.842211372282605,1
1725,20.725990862771734,1
1723,20.58652625135869,1
1722,20.51679394565217,1
1721,20.501297877717388,1
1719,20.33084113043478,1
1718,20.230116688858693,1
1716,20.09840011141304,1
1715,19.98217960190217,1
1713,20.005423703804343,1
1712,19.896951228260868,1
1711,19.726494480978257,1
1709,19.63351807336956,1
1708,19.517297563858694,1
1706,19.39332902038043,1
1705,19.377832952445647,1
1704,19.191880137228257,1
1702,19.067911593749997,1
1701,19.04466749184782,1
1699,18.928446982336954,1
1698,18.866462710597823,1
1697,18.773486302989127,1
1695,18.657265793478256,1
1694,18.54104528396739,1
1692,18.4403208423913,1
1691,18.355092468749998,1
1690,18.316352298913042,1
1688,18.19238375543478,1
1687,18.114903415760867,1
1685,17.983186838315216,1
1684,17.928950600543477,1
1683,17.85147026086956,1
1681,17.859218294836953,1
1680,17.735249751358694,1
1678,17.510556766304344,1
1677,17.409832324728256,1
1676,17.270367713315213,1
1674,17.231627543478258,1
1673,17.154147203804346,1
1671,16.99918652445652,1
1670,16.87521798097826,1
1669,16.789989607336953,1
1667,16.743501403532605,1
1666,16.6582730298913,1
1664,16.58079269021739,1
1663,16.402587908967387,1
1662,16.34835167119565,1
1660,16.278619365489128,1
1659,16.15465082201087,1
1657,16.092666550271737,1
1656,15.82148536141304,1
1654,15.589044342391302,1
1653,15.51931203668478,1
1652,15.441831697010867,1
1650,15.426335629076085,1
1649,15.434083663043475,1
1647,15.217138711956519,1
1646,15.093170168478258,1
1645,15.015689828804346,1
1643,14.953705557065215,1
1642,15.04668196467391,1
1640,14.953705557065215,1
1639,14.698020436141302,1
1638,14.50431958695652,1
1636,14.419091213315214,1
1635,14.310618737771737,1
1633,14.26413053396739,1
1632,14.132413956521736,1
1631,13.961957209239129,1
1629,13.930965073369563,1
1628,13.845736699728258,1
1626,13.876728835597824,1
1625,13.806996529891302,1
1624,13.605547646739128,1
1622,13.427342865489129,1
1621,13.396350729619563,1
1619,13.303374322010868,1
1618,13.20264988043478,1
1617,13.117421506793477,1
1615,12.90822458967391,1
1614,12.861736385869563,1
1612,12.753263910326085,1
1611,12.644791434782606,1
1610,12.621547332880432,1
1608,12.482082721467389,1
1607,12.288381872282606,1
1605,12.24964170244565,1
1604,12.133421192934781,1
1602,12.07143692119565,1
1601,12.024948717391302,1
1600,11.869988038043477,1
1598,11.71502735869565,1
1597,11.567814713315215,1
1595,11.536822577445651,1
1594,11.513578475543476,1
1593,11.451594203804346,1
1591,11.288885490489129,1
1590,11.18041301494565,1
1588,11.071940539402172,1
1587,10.947971995923911,1
1586,10.955720029891303,1
1584,10.870491656249998,1
1583,10.661294739130433,1
1581,10.622554569293477,1
1580,10.506334059782606,1
1579,10.46759388994565,1
1577,10.459845855978259,1
1576,10.304885176630433,1
1574,10.11118432744565,1
1573,10.04145202173913,1
1572,9.93297954619565,1
1570,9.917483478260868,1
1569,9.894239376358694,1
1567,9.69279049320652,1
1566,9.491341610054347,1
1565,9.406113236413042,1
1563,9.359625032608694,1
1562,9.375121100543478,1
1560,9.297640760869564,1
1559,9.026459572010868,1
1558,8.964475300271738,1
1556,8.832758722826085,1
1555,8.817262654891303,1
1553,8.778522485054346,1
1552,8.639057873641303,1
1550,8.391120786684782,1
1549,8.236160107336955,1
1548,8.150931733695652,1
1546,8.189671903532608,1
1545,8.135435665760868,1
1543,8.057955326086955,1
1542,8.003719088315217,1
1541,7.864254476902173,1
1539,7.7557820013586944,1
1538,7.732537899456521,1
1536,7.577577220108695,1
1535,7.484600812499999,1
1534,7.329640133152172,1
1532,7.25215979347826,1
1531,7.205671589673912,1
1529,7.128191249999999,1
1528,7.027466808423912,1
1527,6.903498264945651,1
1525,6.818269891304347,1
1524,6.756285619565216,1
1522,6.6943013478260855,1
1521,6.6943013478260855,1
1520,6.554836736413042,1
1518,6.430868192934781,1
1517,6.322395717391303,1
1515,6.237167343749999,1
1514,6.113198800271738,1
1513,6.020222392663043,1
1511,5.82652154347826,1
1510,5.733545135869564,1
1508,5.656064796195651,1
1507,5.6328206942934775,1
1506,5.601828558423912,1
1504,5.4856080489130425,1
1503,5.330647369565217,1
1501,5.229922927989129,1
1500,5.229922927989129,1
1499,5.222174894021738,1
1497,5.11370241847826,1
1496,4.966489773097825,1
1494,4.803781059782608,1
1493,4.648820380434782,1
1491,4.648820380434782,1
1490,4.610080210597825,1
1489,4.602332176630434,1
1487,4.377639191576086,1
1486,4.207182444293478,1
1484,4.083213900815217,1
1483,4.059969798913043,1
1482,4.121954070652174,1
1480,4.121954070652174,1
1479,3.928253221467391,1
1477,3.7965366440217387,1
1476,3.7113082703804343,1
1475,3.6725681005434776,1
1473,3.657072032608695,1
1472,3.4866152853260863,1
1470,3.3316546059782604,1
1469,3.3316546059782604,1
1468,3.2386781983695645,1
1466,3.261922300271739,1
1465,3.2386781983695645,1
1463,3.1224576888586952,1
1462,3.09146555298913,1
1461,2.9520009415760864,1
1459,2.9442529076086954,1
1458,2.9287568396739125,1
1456,2.8512764999999995,1
1455,2.7737961603260866,1
1454,2.580095311141304,1
1452,2.5258590733695647,1
1451,2.5181110394021737,1
1449,2.4638748016304346,1
1448,2.3554023260869563,1
1447,2.231433782608695,1
1445,2.1617014769021736,1
1444,2.1074652391304345,1
1442,2.122961307065217,1
1441,2.0842211372282606,1
1440,1.8982683220108694,1
1438,1.7820478124999997,1
1437,1.735559608695652,1
1435,1.766551744565217,1
1434,1.867276186141304,1
1432,1.8440320842391302,1
1431,1.658079269021739,1
1430,1.611591065217391,1
1428,1.5805989293478258,1
1427,1.5805989293478258,1
1425,1.5418587595108693,1
1424,1.4488823519021736,1
1423,1.3868980801630433,1
1421,1.4101421820652171,1
1420,1.355905944293478,1
1418,1.3404098763586954,1
1417,1.3636539782608694,1
1416,1.278425604619565,1
1414,1.1622050951086955,1
1413,1.0924727894021737,1
1411,1.0304885176630434,1
1410,1.1079688573369564,1
1409,1.100220823369565,1
1407,0.9142680081521738,1
1406,0.8057955326086955,1
1404,0.8057955326086955,1
1403,0.9220160421195651,1
1402,0.945260144021739,1
1400,0.9297640760869563,1
1399,0.8522837364130433,1
1397,0.767055362771739,1
1396,0.6198427173913043,1
1395,0.6895750230978259,1
1393,0.7825514307065217,1
1392,0.7515592948369564,1
1390,0.6430868192934781,1
1389,0.5191182758152173,1
1388,0.511370241847826,1
1386,0.5888505815217391,1
1385,0.46488203804347816,1
1383,0.33316546059782604,1
1382,0.37965366440217385,1
1381,0.2634331548913043,1
1379,0.1937008491847826,1
1378,0.14721264538043477,1
1376,0.030992135869565212,1
1375,-0.13171657744565216,1
1373,-0.2634331548913043,1
1372,-0.39514973233695644,1
1371,-0.3874016983695652,1
1369,-0.2789292228260869,1
1368,-0.3254174266304347,1
1366,-0.42614186820652167,1
1365,-0.5965986154891303,1
1364,-0.6353387853260869,1
1362,-0.5423623777173913,1
1361,-0.3874016983695652,1
1359,-0.42614186820652167,1
1358,-0.46488203804347816,1
1357,-0.4571340040760869,1
1355,-0.42614186820652167,1
1354,-0.23244101902173908,1
1352,-0.2866772567934782,1
1351,-0.48812613994565207,1
1350,-0.5423623777173913,1
1348,-0.4803781059782608,1
1347,-0.34091349456521736,1
1345,-0.31766939266304345,1
1344,-0.433889902173913,1
1343,-0.5656064796195651,1
1341,-0.4958741739130434,1
1340,-0.4803781059782608,1
1338,-0.33316546059782604,1
1337,-0.37190563043478253,1
1336,-0.5191182758152173,1
1334,-0.5501104116847825,1
1333,-0.6353387853260869,1
1331,-0.5733545135869564,1
1330,-0.5191182758152173,1
1329,-0.5578584456521738,1
1327,-0.6353387853260869,1
1326,-0.7128191249999999,1
1324,-0.6740789551630434,1
1323,-0.5733545135869564,1
1321,-0.5656064796195651,1
1320,-0.6120946834239129,1
1319,-0.6043466494565216,1
1317,-0.6198427173913043,1
1316,-0.5811025475543478,1
1314,-0.5656064796195651,1
1313,-0.5423623777173913,1
1312,-0.6430868192934781,1
1310,-0.6275907513586956,1
1309,-0.6585828872282607,1
1307,-0.6663309211956521,1
1306,-0.5733545135869564,1
1305,-0.5423623777173913,1
1303,-0.4958741739130434,1
1302,-0.511370241847826,1
1300,-0.4958741739130434,1
1299,-0.44163793614130425,1
1298,-0.3874016983695652,1
1296,-0.4571340040760869,1
1295,-0.5811025475543478,1
1293,-0.5423623777173913,1
1292,-0.48812613994565207,1
1291,-0.4571340040760869,1
1289,-0.3254174266304347,1
1288,-0.40289776630434776,1
1286,-0.4803781059782608,1
1285,-0.3874016983695652,1
1284,-0.42614186820652167,1
1282,-0.3254174266304347,1
1281,-0.2634331548913043,1
1279,-0.3486615285326086,1
1278,-0.433889902173913,1
1277,-0.46488203804347816,1
1275,-0.34091349456521736,1
1274,-0.255685120923913,1
1272,-0.3021733247282608,1
1271,-0.39514973233695644,1
1270,-0.37190563043478253,1
1268,-0.39514973233695644,1
1267,-0.39514973233695644,1
1265,-0.3254174266304347,1
1264,-0.37965366440217385,1
1262,-0.37965366440217385,1
1261,-0.31766939266304345,1
1260,-0.3486615285326086,1
1258,-0.3874016983695652,1
1257,-0.37190563043478253,1
1255,-0.36415759646739126,1
1254,-0.36415759646739126,1
1253,-0.48812613994565207,1
1251,-0.4726300720108695,1
1250,-0.3021733247282608,1
1248,-0.2789292228260869,1
1247,-0.34091349456521736,1
1246,-0.433889902173913,1
1244,-0.5423623777173913,1
1243,-0.5036222078804347,1
1241,-0.4106458002717391,1
1240,-0.42614186820652167,1
1239,-0.5036222078804347,1
1237,-0.5578584456521738,1
1236,-0.6120946834239129,1
1234,-0.46488203804347816,1
1233,-0.3099213586956521,1
1232,-0.40289776630434776,1
1230,-0.46488203804347816,1
1229,-0.4958741739130434,1
1227,-0.39514973233695644,1
1226,-0.2246929850543478,1
1225,-0.2479370869565217,1
1223,-0.5346143437499999,1
1222,-0.5733545135869564,1
1220,-0.4571340040760869,1
1219,-0.33316546059782604,1
1218,-0.37190563043478253,1
1216,-0.4958741739130434,1
1215,-0.511370241847826,1
1213,-0.4571340040760869,1
1212,-0.4571340040760869,1
1211,-0.4571340040760869,1
1209,-0.511370241847826,1
1208,-0.5423623777173913,1
1206,-0.511370241847826,1
1205,-0.46488203804347816,1
1203,-0.6353387853260869,1
1202,-0.5346143437499999,1
1201,-0.4106458002717391,1
1199,-0.35640956249999994,1
1198,-0.48812613994565207,1
1196,-0.5733545135869564,1
1195,-0.5656064796195651,1
1194,-0.4958741739130434,1
1192,-0.6198427173913043,1
1191,-0.7050710910326086,1
1189,-0.6120946834239129,1
1188,-0.5501104116847825,1
1187,-0.4803781059782608,1
1185,-0.4803781059782608,1
1184,-0.6275907513586956,1
1182,-0.6973230570652172,1
1181,-0.5965986154891303,1
1180,-0.5423623777173913,1
1178,-0.4958741739130434,1
1177,-0.41839383423913035,1
1175,-0.4571340040760869,1
1174,-0.42614186820652167,1
1173,-0.4958741739130434,1
1171,-0.48812613994565207,1
1170,-0.3021733247282608,1
1168,-0.29442529076086954,1
1167,-0.41839383423913035,1
1166,-0.5346143437499999,1
1164,-0.44163793614130425,1
1163,-0.44163793614130425,1
1161,-0.36415759646739126,1
1160,-0.3486615285326086,1
1159,-0.4571340040760869,1
1157,-0.4803781059782608,1
1156,-0.5036222078804347,1
1154,-0.44163793614130425,1
1153,-0.3486615285326086,1
1151,-0.5733545135869564,1
1150,-0.6740789551630434,1
1149,-0.6663309211956521,1
1147,-0.5811025475543478,1
1146,-0.4571340040760869,1
1144,-0.5268663097826086,1
1143,-0.6895750230978259,1
1142,-0.6663309211956521,1
1140,-0.6198427173913043,1
1139,-0.6198427173913043,1
1137,-0.6043466494565216,1
1136,-0.6818269891304347,1
1135,-0.7283151929347825,1
1133,-0.6895750230978259,1
1132,-0.7050710910326086,1
1130,-0.6353387853260869,1
1129,-0.6275907513586956,1
1128,-0.6818269891304347,1
1126,-0.7283151929347825,1
1125,-0.6895750230978259,1
1123,-0.6818269891304347,1
1122,-0.48812613994565207,1
1121,-0.4726300720108695,1
1119,-0.5346143437499999,1
1118,-0.5656064796195651,1
1116,-0.5191182758152173,1
1115,-0.46488203804347816,1
1114,-0.37965366440217385,1
1112,-0.4803781059782608,1
1111,-0.5656064796195651,1
1109,-0.5423623777173913,1
1108,-0.4803781059782608,1
1107,-0.40289776630434776,1
1105,-0.3874016983695652,1
1104,-0.42614186820652167,1
1102,-0.44163793614130425,1
1101,-0.5346143437499999,1
1099,-0.48812613994565207,1
1098,-0.2789292228260869,1
1097,-0.35640956249999994,1
1095,-0.4803781059782608,1
1094,-0.5268663097826086,1
1092,-0.4571340040760869,1
1091,-0.42614186820652167,1
1090,-0.3874016983695652,1
1088,-0.39514973233695644,1
1087,-0.44163793614130425,1
1085,-0.4493859701086956,1
1084,-0.4803781059782608,1
1083,-0.3486615285326086,1
1081,-0.2866772567934782,1
1080,-0.37965366440217385,1
1078,-0.44163793614130425,1
1077,-0.39514973233695644,1
1076,-0.39514973233695644,1
1074,-0.36415759646739126,1
1073,-0.37190563043478253,1
1071,-0.42614186820652167,1
1070,-0.4493859701086956,1
1069,-0.5423623777173913,1
1067,-0.46488203804347816,1
1066,-0.3021733247282608,1
1064,-0.18595281521739127,1
1063,-0.3874016983695652,1
1062,-0.5346143437499999,1
1060,-0.48812613994565207,1
1059,-0.3874016983695652,1
1057,-0.35640956249999994,1
1056,-0.37965366440217385,1
1055,-0.433889902173913,1
1053,-0.5036222078804347,1
1052,-0.4803781059782608,1
1050,-0.42614186820652167,1
1049,-0.33316546059782604,1
1048,-0.40289776630434776,1
1046,-0.433889902173913,1
1045,-0.42614186820652167,1
1043,-0.37190563043478253,1
1042,-0.3021733247282608,1
1040,-0.3486615285326086,1
1039,-0.433889902173913,1
1038,-0.44163793614130425,1
1036,-0.3874016983695652,1
1035,-0.3254174266304347,1
1033,-0.33316546059782604,1
1032,-0.3099213586956521,1
1031,-0.3254174266304347,1
1029,-0.3099213586956521,1
1028,-0.3874016983695652,1
1026,-0.2401890529891304,1
1025,-0.13946461141304345,1
1024,-0.2169449510869565,1
1022,-0.2789292228260869,1
1021,-0.3874016983695652,1
1019,-0.3021733247282608,1
1018,-0.23244101902173908,1
1017,-0.29442529076086954,1
1015,-0.39514973233695644,1
1014,-0.433889902173913,1
1012,-0.46488203804347816,1
1011,-0.39514973233695644,1
1010,-0.3021733247282608,1
1008,-0.33316546059782604,1
1007,-0.4726300720108695,1
1005,-0.44163793614130425,1
1004,-0.37965366440217385,1
1003,-0.20919691711956517,1
1001,-0.2789292228260869,1
1000,-0.39514973233695644,1
998,-0.46488203804347816,1
997,-0.33316546059782604,1
996,-0.29442529076086954,1
994,-0.255685120923913,1
993,-0.2169449510869565,1
991,-0.27118118885869563,1
990,-0.2866772567934782,1
989,-0.37190563043478253,1
987,-0.35640956249999994,1
986,-0.27118118885869563,1
984,-0.31766939266304345,1
983,-0.35640956249999994,1
981,-0.27118118885869563,1
980,-0.33316546059782604,1
979,-0.31766939266304345,1
977,-0.23244101902173908,1
976,-0.2866772567934782,1
974,-0.42614186820652167,1
973,-0.33316546059782604,1
972,-0.2789292228260869,1
970,-0.23244101902173908,1
969,-0.2169449510869565,1
967,-0.3099213586956521,1
966,-0.35640956249999994,1
965,-0.41839383423913035,1
963,-0.39514973233695644,1
962,-0.2789292228260869,1
960,-0.3021733247282608,1
959,-0.41839383423913035,1
958,-0.3254174266304347,1
956,-0.27118118885869563,1
955,-0.31766939266304345,1
953,-0.36415759646739126,1
952,-0.4571340040760869,1
951,-0.4726300720108695,1
949,-0.4106458002717391,1
948,-0.3099213586956521,1
946,-0.255685120923913,1
945,-0.23244101902173908,1
944,-0.2634331548913043,1
942,-0.35640956249999994,1
941,-0.42614186820652167,1
939,-0.36415759646739126,1
938,-0.2401890529891304,1
937,-0.20919691711956517,1
935,-0.3099213586956521,1
934,-0.433889902173913,1
932,-0.5036222078804347,1
931,-0.40289776630434776,1
929,-0.2246929850543478,1
928,-0.2246929850543478,1
927,-0.35640956249999994,1
925,-0.41839383423913035,1
924,-0.3874016983695652,1
922,-0.29442529076086954,1
921,-0.23244101902173908,1
920,-0.33316546059782604,1
918,-0.3874016983695652,1
917,-0.42614186820652167,1
915,-0.4571340040760869,1
914,-0.4106458002717391,1
913,-0.42614186820652167,1
911,-0.4958741739130434,1
910,-0.5346143437499999,1
908,-0.5036222078804347,1
907,-0.4571340040760869,1
906,-0.33316546059782604,1
904,-0.37965366440217385,1
903,-0.511370241847826,1
901,-0.4571340040760869,1
900,-0.4803781059782608,1
899,-0.4958741739130434,1
897,-0.4726300720108695,1
896,-0.5036222078804347,1
894,-0.5501104116847825,1
893,-0.5423623777173913,1
892,-0.5578584456521738,1
890,-0.4571340040760869,1
889,-0.36415759646739126,1
887,-0.37965366440217385,1
886,-0.4493859701086956,1
885,-0.39514973233695644,1
883,-0.4493859701086956,1
882,-0.37190563043478253,1
880,-0.42614186820652167,1
879,-0.4106458002717391,1
878,-0.4493859701086956,1
876,-0.4493859701086956,1
875,-0.3874016983695652,1
873,-0.3486615285326086,1
872,-0.44163793614130425,1
870,-0.48812613994565207,1
869,-0.40289776630434776,1
868,-0.35640956249999994,1
866,-0.255685120923913,1
865,-0.27118118885869563,1
863,-0.433889902173913,1
862,-0.36415759646739126,1
861,-0.255685120923913,1
859,-0.2246929850543478,1
858,-0.3021733247282608,1
856,-0.33316546059782604,1
855,-0.29442529076086954,1
854,-0.2789292228260869,1
852,-0.36415759646739126,1
851,-0.4493859701086956,1
849,-0.31766939266304345,1
848,-0.27118118885869563,1
847,-0.37190563043478253,1
845,-0.42614186820652167,1
844,-0.4571340040760869,1
842,-0.3099213586956521,1
841,-0.2246929850543478,1
840,-0.37965366440217385,1
838,-0.4803781059782608,1
837,-0.4493859701086956,1
835,-0.3874016983695652,1
834,-0.36415759646739126,1
833,-0.41839383423913035,1
831,-0.6043466494565216,1
830,-0.5656064796195651,1
828,-0.5656064796195651,1
827,-0.5268663097826086,1
826,-0.3486615285326086,1
824,-0.27118118885869563,1
823,-0.433889902173913,1
821,-0.5036222078804347,1
820,-0.42614186820652167,1
818,-0.31766939266304345,1
817,-0.2479370869565217,1
816,-0.3254174266304347,1
814,-0.42614186820652167,1
813,-0.4106458002717391,1
811,-0.37965366440217385,1
810,-0.3099213586956521,1
809,-0.27118118885869563,1
807,-0.37965366440217385,1
806,-0.44163793614130425,1
804,-0.39514973233695644,1
803,-0.40289776630434776,1
802,-0.2634331548913043,1
800,-0.2401890529891304,1
799,-0.3874016983695652,1
797,-0.44163793614130425,1
796,-0.48812613994565207,1
795,-0.42614186820652167,1
793,-0.2866772567934782,1
792,-0.46488203804347816,1
790,-0.4958741739130434,1
789,-0.46488203804347816,1
788,-0.48812613994565207,1
786,-0.4803781059782608,1
785,-0.37965366440217385,1
783,-0.511370241847826,1
782,-0.5036222078804347,1
781,-0.511370241847826,1
779,-0.4726300720108695,1
778,-0.37190563043478253,1
776,-0.3874016983695652,1
775,-0.5346143437499999,1
774,-0.48812613994565207,1
772,-0.5346143437499999,1
771,-0.4571340040760869,1
769,-0.35640956249999994,1
768,-0.4106458002717391,1
767,-0.511370241847826,1
765,-0.4106458002717391,1
764,-0.48812613994565207,1
762,-0.4493859701086956,1
761,-0.39514973233695644,1
759,-0.5268663097826086,1
758,-0.46488203804347816,1
757,-0.4493859701086956,1
755,-0.4571340040760869,1
754,-0.3874016983695652,1
752,-0.433889902173913,1
751,-0.5965986154891303,1
750,-0.5423623777173913,1
748,-0.5346143437499999,1
747,-0.5733545135869564,1
745,-0.5191182758152173,1
744,-0.5191182758152173,1
743,-0.5501104116847825,1
741,-0.5036222078804347,1
740,-0.5656064796195651,1
738,-0.5423623777173913,1
737,-0.44163793614130425,1
736,-0.5965986154891303,1
734,-0.6043466494565216,1
733,-0.5501104116847825,1
731,-0.5191182758152173,1
730,-0.5191182758152173,1
729,-0.5191182758152173,1
727,-0.6198427173913043,1
726,-0.6508348532608694,1
724,-0.6508348532608694,1
723,-0.6353387853260869,1
722,-0.5191182758152173,1
720,-0.4958741739130434,1
719,-0.5888505815217391,1
717,-0.5733545135869564,1
716,-0.5268663097826086,1
715,-0.4958741739130434,1
713,-0.5036222078804347,1
712,-0.6663309211956521,1
710,-0.7980474986413042,1
709,-0.6663309211956521,1
708,-0.5656064796195651,1
706,-0.4958741739130434,1
705,-0.42614186820652167,1
703,-0.5036222078804347,1
702,-0.5811025475543478,1
700,-0.6043466494565216,1
699,-0.5578584456521738,1
698,-0.41839383423913035,1
696,-0.433889902173913,1
695,-0.5191182758152173,1
693,-0.5578584456521738,1
692,-0.6043466494565216,1
691,-0.511370241847826,1
689,-0.42614186820652167,1
688,-0.4803781059782608,1
686,-0.433889902173913,1
685,-0.34091349456521736,1
684,-0.3021733247282608,1
682,-0.2789292228260869,1
681,-0.29442529076086954,1
679,-0.3874016983695652,1
678,-0.41839383423913035,1
677,-0.4571340040760869,1
675,-0.40289776630434776,1
674,-0.27118118885869563,1
672,-0.2789292228260869,1
671,-0.46488203804347816,1
670,-0.5268663097826086,1
668,-0.5191182758152173,1
667,-0.41839383423913035,1
665,-0.37190563043478253,1
664,-0.40289776630434776,1
663,-0.39514973233695644,1
661,-0.37965366440217385,1
660,-0.3486615285326086,1
658,-0.29442529076086954,1
657,-0.255685120923913,1
656,-0.33316546059782604,1
654,-0.35640956249999994,1
653,-0.42614186820652167,1
651,-0.42614186820652167,1
650,-0.37190563043478253,1
648,-0.2789292228260869,1
647,-0.3486615285326086,1
646,-0.4493859701086956,1
644,-0.46488203804347816,1
643,-0.31766939266304345,1
641,-0.2479370869565217,1
640,-0.2789292228260869,1
639,-0.3099213586956521,1
637,-0.36415759646739126,1
636,-0.37965366440217385,1
634,-0.27118118885869563,1
633,-0.2634331548913043,1
632,-0.35640956249999994,1
630,-0.41839383423913035,1
629,-0.40289776630434776,1
627,-0.34091349456521736,1
626,-0.2479370869565217,1
625,-0.3099213586956521,1
623,-0.3874016983695652,1
622,-0.3021733247282608,1
620,-0.3874016983695652,1
619,-0.3254174266304347,1
618,-0.27118118885869563,1
616,-0.31766939266304345,1
615,-0.42614186820652167,1
613,-0.35640956249999994,1
612,-0.4106458002717391,1
611,-0.35640956249999994,1
609,-0.3099213586956521,1
608,-0.35640956249999994,1
606,-0.2401890529891304,1
605,-0.18595281521739127,1
604,-0.14721264538043477,1
602,-0.10847247554347825,1
601,-0.10847247554347825,1
599,-0.2169449510869565,1
598,-0.20144888315217388,1
597,-0.2401890529891304,1
595,-0.23244101902173908,1
594,-0.17045674728260868,1
592,-0.3021733247282608,1
591,-0.34091349456521736,1
589,-0.3486615285326086,1
588,-0.34091349456521736,1
587,-0.3021733247282608,1
585,-0.12396854347826085,1
584,-0.2169449510869565,1
582,-0.2169449510869565,1
581,-0.2169449510869565,1
580,-0.1937008491847826,1
578,-0.17820478124999997,1
577,-0.18595281521739127,1
575,-0.31766939266304345,1
574,-0.3099213586956521,1
573,-0.37190563043478253,1
571,-0.31766939266304345,1
570,-0.17820478124999997,1
568,-0.14721264538043477,1
567,-0.13946461141304345,1
566,-0.2479370869565217,1
564,-0.4106458002717391,1
563,-0.34091349456521736,1
561,-0.08522837364130434,1
560,-0.10847247554347825,1
559,-0.29442529076086954,1
557,-0.37190563043478253,1
556,-0.36415759646739126,1
554,-0.14721264538043477,1
553,-0.15496067934782606,1
552,-0.37965366440217385,1
550,-0.5191182758152173,1
549,-0.4803781059782608,1
547,-0.36415759646739126,1
546,-0.2246929850543478,1
545,-0.18595281521739127,1
543,-0.39514973233695644,1
542,-0.44163793614130425,1
540,-0.34091349456521736,1
539,-0.2789292228260869,1
537,-0.16270871331521736,1
536,-0.2479370869565217,1
535,-0.44163793614130425,1
533,-0.4803781059782608,1
532,-0.48812613994565207,1
530,-0.44163793614130425,1
529,-0.3254174266304347,1
528,-0.41839383423913035,1
526,-0.3874016983695652,1
525,-0.37190563043478253,1
523,-0.39514973233695644,1
522,-0.36415759646739126,1
521,-0.33316546059782604,1
519,-0.41839383423913035,1
518,-0.44163793614130425,1
516,-0.4958741739130434,1
515,-0.46488203804347816,1
514,-0.3486615285326086,1
512,-0.3254174266304347,1
511,-0.4726300720108695,1
509,-0.48812613994565207,1
508,-0.41839383423913035,1
507,-0.29442529076086954,1
505,-0.23244101902173908,1
504,-0.37965366440217385,1
502,-0.4803781059782608,1
501,-0.3874016983695652,1
500,-0.40289776630434776,1
498,-0.3021733247282608,1
497,-0.3486615285326086,1
495,-0.4493859701086956,1
494,-0.5501104116847825,1
493,-0.5036222078804347,1
491,-0.4106458002717391,1
490,-0.3021733247282608,1
488,-0.3099213586956521,1
487,-0.4493859701086956,1
486,-0.4803781059782608,1
484,-0.42614186820652167,1
483,-0.2634331548913043,1
481,-0.15496067934782606,1
480,-0.23244101902173908,1
478,-0.37965366440217385,1
477,-0.4803781059782608,1
476,-0.5191182758152173,1
474,-0.4958741739130434,1
473,-0.433889902173913,1
471,-0.511370241847826,1
470,-0.5656064796195651,1
469,-0.5423623777173913,1
467,-0.511370241847826,1
466,-0.3874016983695652,1
464,-0.42614186820652167,1
463,-0.5501104116847825,1
462,-0.5423623777173913,1
460,-0.5656064796195651,1
459,-0.4726300720108695,1
457,-0.2866772567934782,1
456,-0.2789292228260869,1
455,-0.511370241847826,1
453,-0.6043466494565216,1
452,-0.5423623777173913,1
450,-0.36415759646739126,1
449,-0.18595281521739127,1
448,-0.33316546059782604,1
446,-0.46488203804347816,1
445,-0.4493859701086956,1
443,-0.35640956249999994,1
442,-0.2479370869565217,1
441,-0.23244101902173908,1
439,-0.37190563043478253,1
438,-0.46488203804347816,1
436,-0.4493859701086956,1
435,-0.39514973233695644,1
434,-0.2634331548913043,1
432,-0.3021733247282608,1
431,-0.3874016983695652,1
429,-0.37965366440217385,1
428,-0.37190563043478253,1
426,-0.37190563043478253,1
425,-0.3099213586956521,1
424,-0.3486615285326086,1
422,-0.4726300720108695,1
421,-0.41839383423913035,1
419,-0.48812613994565207,1
418,-0.34091349456521736,1
417,-0.2401890529891304,1
415,-0.41839383423913035,1
414,-0.48812613994565207,1
412,-0.5578584456521738,1
411,-0.48812613994565207,1
410,-0.39514973233695644,1
408,-0.4726300720108695,1
407,-0.5965986154891303,1
405,-0.5423623777173913,1
404,-0.5346143437499999,1
403,-0.41839383423913035,1
401,-0.2866772567934782,1
400,-0.3099213586956521,1
398,-0.40289776630434776,1
397,-0.40289776630434776,1
396,-0.46488203804347816,1
394,-0.36415759646739126,1
393,-0.3099213586956521,1
391,-0.4726300720108695,1
390,-0.5811025475543478,1
389,-0.6120946834239129,1
387,-0.6120946834239129,1
386,-0.433889902173913,1
384,-0.35640956249999994,1
383,-0.4803781059782608,1
382,-0.46488203804347816,1
380,-0.3874016983695652,1
379,-0.2789292228260869,1
377,-0.15496067934782606,1
376,-0.2246929850543478,1
375,-0.3874016983695652,1
373,-0.42614186820652167,1
372,-0.48812613994565207,1
370,-0.33316546059782604,1
369,-0.2246929850543478,1
367,-0.36415759646739126,1
366,-0.44163793614130425,1
365,-0.4493859701086956,1
363,-0.4493859701086956,1
362,-0.2866772567934782,1
360,-0.3021733247282608,1
359,-0.39514973233695644,1
358,-0.4571340040760869,1
356,-0.5423623777173913,1
355,-0.5656064796195651,1
353,-0.4493859701086956,1
352,-0.4803781059782608,1
351,-0.5656064796195651,1
349,-0.511370241847826,1
348,-0.5733545135869564,1
346,-0.4803781059782608,1
345,-0.41839383423913035,1
344,-0.5423623777173913,1
342,-0.5036222078804347,1
341,-0.4726300720108695,1
339,-0.4958741739130434,1
338,-0.39514973233695644,1
337,-0.42614186820652167,1
335,-0.5346143437499999,1
334,-0.6120946834239129,1
332,-0.6430868192934781,1
331,-0.5888505815217391,1
330,-0.46488203804347816,1
328,-0.5036222078804347,1
327,-0.5733545135869564,1
325,-0.5423623777173913,1
324,-0.5811025475543478,1
323,-0.4958741739130434,1
321,-0.39514973233695644,1
320,-0.4958741739130434,1
318,-0.5268663097826086,1
317,-0.6043466494565216,1
315,-0.6585828872282607,1
314,-0.5346143437499999,1
313,-0.4571340040760869,1
311,-0.5501104116847825,1
310,-0.5656064796195651,1
308,-0.5423623777173913,1
307,-0.4958741739130434,1
306,-0.37965366440217385,1
304,-0.35640956249999994,1
303,-0.4106458002717391,1
301,-0.37965366440217385,1
300,-0.39514973233695644,1
299,-0.37965366440217385,1
297,-0.3254174266304347,1
296,-0.31766939266304345,1
294,-0.39514973233695644,1
293,-0.35640956249999994,1
292,-0.34091349456521736,1
290,-0.29442529076086954,1
289,-0.2401890529891304,1
287,-0.3254174266304347,1
286,-0.4958741739130434,1
285,-0.5578584456521738,1
283,-0.4726300720108695,1
282,-0.35640956249999994,1
280,-0.35640956249999994,1
279,-0.4106458002717391,1
278,-0.44163793614130425,1
276,-0.433889902173913,1
275,-0.41839383423913035,1
273,-0.35640956249999994,1
272,-0.3254174266304347,1
271,-0.3874016983695652,1
269,-0.39514973233695644,1
268,-0.35640956249999994,1
266,-0.3254174266304347,1
265,-0.44163793614130425,1
264,-0.48812613994565207,1
262,-0.40289776630434776,1
261,-0.34091349456521736,1
259,-0.3099213586956521,1
258,-0.3099213586956521,1
256,-0.31766939266304345,1
255,-0.4106458002717391,1
254,-0.4493859701086956,1
252,-0.3874016983695652,1
251,-0.31766939266304345,1
249,-0.2479370869565217,1
248,-0.255685120923913,1
247,-0.34091349456521736,1
245,-0.4106458002717391,1
244,-0.37965366440217385,1
242,-0.2789292228260869,1
241,-0.18595281521739127,1
240,-0.23244101902173908,1
238,-0.2634331548913043,1
237,-0.27118118885869563,1
235,-0.20919691711956517,1
234,-0.1937008491847826,1
233,-0.20144888315217388,1
231,-0.27118118885869563,1
230,-0.3486615285326086,1
228,-0.40289776630434776,1
227,-0.3486615285326086,1
226,-0.23244101902173908,1
224,-0.2634331548913043,1
223,-0.31766939266304345,1
221,-0.255685120923913,1
220,-0.2401890529891304,1
219,-0.12396854347826085,1
217,-0.14721264538043477,1
216,-0.39514973233695644,1
214,-0.433889902173913,1
213,-0.35640956249999994,1
212,-0.255685120923913,1
210,-0.2401890529891304,1
209,-0.27118118885869563,1
207,-0.37190563043478253,1
206,-0.36415759646739126,1
205,-0.3254174266304347,1
203,-0.27118118885869563,1
202,-0.20144888315217388,1
200,-0.20919691711956517,1
199,-0.20919691711956517,1
197,-0.20144888315217388,1
196,-0.2169449510869565,1
195,-0.2789292228260869,1
193,-0.2479370869565217,1
192,-0.3021733247282608,1
190,-0.31766939266304345,1
189,-0.2479370869565217,1
188,-0.31766939266304345,1
186,-0.2634331548913043,1
185,-0.20919691711956517,1
183,-0.27118118885869563,1
182,-0.23244101902173908,1
181,-0.17045674728260868,1
179,-0.17045674728260868,1
178,-0.18595281521739127,1
176,-0.18595281521739127,1
175,-0.27118118885869563,1
174,-0.27118118885869563,1
172,-0.255685120923913,1
171,-0.27118118885869563,1
169,-0.15496067934782606,1
168,-0.16270871331521736,1
167,-0.27118118885869563,1
165,-0.2634331548913043,1
164,-0.2246929850543478,1
162,-0.2169449510869565,1
161,-0.20919691711956517,1
160,-0.3021733247282608,1
158,-0.31766939266304345,1
157,-0.2789292228260869,1
155,-0.3254174266304347,1
154,-0.33316546059782604,1
153,-0.3254174266304347,1
151,-0.3486615285326086,1
150,-0.23244101902173908,1
148,-0.1937008491847826,1
147,-0.2401890529891304,1
145,-0.20919691711956517,1
144,-0.2246929850543478,1
143,-0.2789292228260869,1
141,-0.2789292228260869,1
140,-0.39514973233695644,1
138,-0.37965366440217385,1
137,-0.31766939266304345,1
136,-0.40289776630434776,1
134,-0.44163793614130425,1
133,-0.42614186820652167,1
131,-0.4106458002717391,1
130,-0.255685120923913,1
129,-0.2401890529891304,1
127,-0.41839383423913035,1
126,-0.4571340040760869,1
124,-0.4803781059782608,1
123,-0.5268663097826086,1
122,-0.37965366440217385,1
120,-0.3099213586956521,1
119,-0.4106458002717391,1
117,-0.37190563043478253,1
116,-0.4106458002717391,1
115,-0.4106458002717391,1
113,-0.29442529076086954,1
112,-0.36415759646739126,1
110,-0.433889902173913,1
109,-0.34091349456521736,1
108,-0.3486615285326086,1
106,-0.34091349456521736,1
105,-0.3099213586956521,1
103,-0.39514973233695644,1
102,-0.433889902173913,1
101,-0.46488203804347816,1
99,-0.40289776630434776,1
98,-0.2401890529891304,1
96,-0.3021733247282608,1
95,-0.511370241847826,1
94,-0.4958741739130434,1
92,-0.4803781059782608,1
91,-0.3874016983695652,1
89,-0.2479370869565217,1
88,-0.2789292228260869,1
86,-0.39514973233695644,1
85,-0.42614186820652167,1
84,-0.39514973233695644,1
82,-0.3021733247282608,1
81,-0.2789292228260869,1
79,-0.33316546059782604,1
78,-0.40289776630434776,1
77,-0.37965366440217385,1
75,-0.40289776630434776,1
74,-0.3021733247282608,1
72,-0.2479370869565217,1
71,-0.3254174266304347,1
70,-0.35640956249999994,1
68,-0.3874016983695652,1
67,-0.35640956249999994,1
65,-0.2401890529891304,1
64,-0.2246929850543478,1
63,-0.3486615285326086,1
61,-0.3254174266304347,1
60,-0.33316546059782604,1
58,-0.27118118885869563,1
57,-0.2401890529891304,1
56,-0.3021733247282608,1
54,-0.4106458002717391,1
53,-0.4803781059782608,1
51,-0.4958741739130434,1
50,-0.36415759646739126,1
49,-0.255685120923913,1
47,-0.40289776630434776,1
46,-0.4958741739130434,1
44,-0.4803781059782608,1
43,-0.3486615285326086,1
42,-0.1937008491847826,1
40,-0.20144888315217388,1
39,-0.37190563043478253,1
37,-0.433889902173913,1
36,-0.4803781059782608,1
34,-0.37965366440217385,1
33,-0.23244101902173908,1
32,-0.33316546059782604,1
30,-0.44163793614130425,1
29,-0.42614186820652167,1
27,-0.39514973233695644,1
26,-0.2634331548913043,1
25,-0.23244101902173908,1
23,-0.31766939266304345,1
22,-0.3099213586956521,1
20,-0.3021733247282608,1
19,-0.33316546059782604,1
18,-0.2789292228260869,1
16,-0.2866772567934782,1
15,-0.42614186820652167,1
13,-0.4493859701086956,1
12,-0.3874016983695652,1
11,-0.36415759646739126,1
9,-0.2479370869565217,1
8,-0.3099213586956521,1
6,-0.36415759646739126,1
5,-0.41839383423913035,1
4,-0.41839383423913035,1
2,-0.3486615285326086,1
1,-0.2866772567934782,1
-1,-0.3874016983695652,1
-1,-0.433889902173913,2
